<?xml version="1.0" encoding="UTF-8"?><rss version="2.0"
	xmlns:content="http://purl.org/rss/1.0/modules/content/"
	xmlns:wfw="http://wellformedweb.org/CommentAPI/"
	xmlns:dc="http://purl.org/dc/elements/1.1/"
	xmlns:atom="http://www.w3.org/2005/Atom"
	xmlns:sy="http://purl.org/rss/1.0/modules/syndication/"
	xmlns:slash="http://purl.org/rss/1.0/modules/slash/"
	
	xmlns:georss="http://www.georss.org/georss"
	xmlns:geo="http://www.w3.org/2003/01/geo/wgs84_pos#"
	>

<channel>
	<title>Máy giặt &#8211; Điện máy tốt</title>
	<atom:link href="http://localhost/Rent-House/product-category/may-giat/feed/?simply_static_page=465" rel="self" type="application/rss+xml" />
	<link></link>
	<description></description>
	<lastBuildDate>Tue, 05 Dec 2023 03:48:48 +0000</lastBuildDate>
	<language>en-US</language>
	<sy:updatePeriod>
	hourly	</sy:updatePeriod>
	<sy:updateFrequency>
	1	</sy:updateFrequency>
	<generator>https://wordpress.org/?v=6.4.1</generator>
	<item>
		<title>Máy giặt LG TurboDrum Inverter 9 kg T2109VSAB</title>
		<link>/product/may-giat-lg-turbodrum-inverter-9-kg-t2109vsab/</link>
					<comments>/product/may-giat-lg-turbodrum-inverter-9-kg-t2109vsab/#respond</comments>
		
		<dc:creator><![CDATA[admin]]></dc:creator>
		<pubDate>Tue, 05 Dec 2023 03:46:12 +0000</pubDate>
				<guid isPermaLink="false">/?post_type=product#038;p=91</guid>

					<description><![CDATA[Kiểu dáng hiện đại, vỏ máy bằng kim loại sơn tĩnh điện bền bỉ, chống trầy xước<br>Máy giặt LG TurboDrum Inverter 9 kg T2109VSAB thuộc kiểu <a href="https://www.dienmayxanh.com/may-giat?g=cua-tren" target="_blank" rel="noreferrer noopener">máy giặt lồng đứng</a> cùng với bảng điều khiển nằm ở phía trước quen thuộc, chất liệu vỏ máy được làm bằng kim loại sơn tĩnh điện bền bỉ và giảm thiểu tình trạng trầy xước trong quá trình sử dụng. <br>Ngoài ra, <a href="https://www.dienmayxanh.com/may-giat" target="_blank" rel="noreferrer noopener">máy giặt</a> này còn sở hữu gam màu tối thanh lịch cùng với chất liệu nắp máy làm bằng nhựa ABS và kính sang trọng vô cùng, ắt hẳn sẽ trở thành điểm nhấn trong ngôi nhà bạn.  ]]></description>
										<content:encoded><![CDATA[
<h3 class="wp-block-heading">Kiểu dáng hiện đại, vỏ máy bằng kim loại sơn tĩnh điện bền bỉ, chống trầy xước</h3>



<p>Máy giặt LG TurboDrum Inverter 9 kg T2109VSAB&nbsp;thuộc kiểu&nbsp;<a href="https://www.dienmayxanh.com/may-giat?g=cua-tren" target="_blank" rel="noreferrer noopener">máy giặt lồng đứng</a>&nbsp;cùng với bảng điều khiển nằm ở phía trước quen thuộc, chất liệu vỏ máy được làm bằng kim loại sơn tĩnh điện bền bỉ và giảm thiểu tình trạng trầy xước trong quá trình sử dụng.&nbsp;</p>



<p>Ngoài ra,&nbsp;<a href="https://www.dienmayxanh.com/may-giat" target="_blank" rel="noreferrer noopener">máy giặt</a>&nbsp;này còn sở hữu gam màu tối thanh lịch cùng với chất liệu nắp máy làm bằng nhựa ABS và kính sang trọng vô cùng, ắt hẳn sẽ trở thành điểm nhấn trong ngôi nhà bạn.&nbsp;&nbsp;</p>



<figure class="wp-block-image"><a href="https://cdn.tgdd.vn/Products/Images/1944/230077/may-giat-lg-t2109vsab-1-1.jpg"><img decoding="async" src="https://cdn.tgdd.vn/Products/Images/1944/230077/may-giat-lg-t2109vsab-1-1.jpg" alt="Máy giặt LG Inverter 9kg T2109VSAB-Kiểu dáng hiện đại, vỏ máy bằng kim loại sơn tĩnh điện bền bỉ, chống trầy xước" title="Máy giặt LG Inverter 9kg T2109VSAB-Kiểu dáng hiện đại, vỏ máy bằng kim loại sơn tĩnh điện bền bỉ, chống trầy xước" /></a></figure>



<h3 class="wp-block-heading">8 chương trình giặt tiện lợi, việc giặt giũ trở nên dễ dàng hơn</h3>



<p>Sản phẩm được trang bị bảng điều khiển song ngữ Anh &#8211; Việt có nút nhấn, người dùng có thể dễ dàng chọn chương trình giặt mà mình mong muốn.</p>



<p>Bên cạnh đó, máy giặt có 8 chế độ giặt nổi bật, bao gồm: Giặt nhanh, đồ len, đồ trải giường, áo đồng phục, giặt sơ + giặt thông thường, thông thường, tiết kiệm năng lượng, vệ sinh lồng giặt, đáp ứng nhu cầu giặt cơ bản của gia đình bạn. Đặc biệt, chương trình vệ sinh lồng giặt sẽ giúp máy giặt sẽ trở nên sạch sẽ hơn, giảm thiểu tối đa mùi hôi và các tác nhân gây dị ứng.&nbsp;<a href="https://www.dienmayxanh.com/may-giat/may-giat-lg-t2109vsab#top-tskt" target="_blank" rel="noreferrer noopener">(Xem chi tiết tại bảng TSKT)</a>.</p>



<figure class="wp-block-image"><a href="https://cdn.tgdd.vn/Products/Images/1944/230077/may-giat-lg-t2109vsab-10.jpg"><img decoding="async" src="https://cdn.tgdd.vn/Products/Images/1944/230077/may-giat-lg-t2109vsab-10.jpg" alt="Máy giặt LG Inverter 9kg T2109VSAB - 8 chương trình giặt tiện lợi" title="Máy giặt LG Inverter 9kg T2109VSAB - 8 chương trình giặt tiện lợi" /></a></figure>



<h3 class="wp-block-heading">Tiết kiệm điện hiệu quả cùng&nbsp;<a href="https://www.dienmayxanh.com/kinh-nghiem-hay/may-giat-inverter-la-gi-586476" target="_blank" rel="noreferrer noopener">công nghệ Inverter</a></h3>



<p>Công nghệ Inverter mang lại hiệu quả tiết kiệm điện và nước nhờ khả năng điều chỉnh vòng quay của động cơ, giúp lồng giặt được hoạt động hiệu quả hơn với từng chu trình giặt.&nbsp;</p>



<p>Hơn thế nữa,&nbsp;<a href="https://www.dienmayxanh.com/may-giat-lg" target="_blank" rel="noreferrer noopener">máy giặt LG</a>&nbsp;này còn được tích hợp&nbsp;<a href="https://www.dienmayxanh.com/kinh-nghiem-hay/tiet-kiem-dien-voi-dong-may-giat-lg-smart-inverter-1033700" target="_blank" rel="noreferrer noopener">công nghệ Smart Inverter</a>&nbsp;góp phần tiết kiệm điện tối ưu bên cạnh khả năng giảm thiểu tiếng ồn và độ rung lắc trong quá trình hoạt động.&nbsp;</p>



<figure class="wp-block-image"><a href="https://cdn.tgdd.vn/Products/Images/1944/230077/may-giat-lg-t2109vsab-3.png"><img decoding="async" src="https://cdn.tgdd.vn/Products/Images/1944/230077/may-giat-lg-t2109vsab-3.png" alt="Máy giặt LG Inverter 9kg T2109VSAB-Tiết kiệm điện hiệu quả cùng công nghệ Inverter" title="Máy giặt LG Inverter 9kg T2109VSAB-Tiết kiệm điện hiệu quả cùng công nghệ Inverter" /></a></figure>



<h3 class="wp-block-heading">Nâng cao hiệu quả giặt sạch nhờ công nghệ&nbsp;Smart Motion 3 và&nbsp;<a href="https://www.dienmayxanh.com/kinh-nghiem-hay/cong-nghe-dam-nuoc-3-mam-phu-punch-3-tren-may-giat-682465" target="_blank" rel="noreferrer noopener">đấm nước Punch+3</a></h3>



<p>Chiếc máy giặt LG TurboDrum Inverter 9 kg T2109VSAB&nbsp;sử dụng công nghệ chuyển động thông minh Smart Motion 3 có khả năng nhào trộn, quay và đảo quần áo một cách linh hoạt.</p>



<figure class="wp-block-image"><a href="https://cdn.tgdd.vn/Products/Images/1944/230077/may-giat-lg-t2109vsab-5-1.jpg"><img decoding="async" src="https://cdn.tgdd.vn/Products/Images/1944/230077/may-giat-lg-t2109vsab-5-1.jpg" alt="Máy giặt LG Inverter 9kg T2109VSAB-Nâng cao hiệu quả giặt sạch nhờ công nghệ Smart Motion 3" title="Máy giặt LG Inverter 9kg T2109VSAB-Nâng cao hiệu quả giặt sạch nhờ công nghệ Smart Motion 3" /></a></figure>



<p>Ngoài ra, máy còn được kết hợp với công nghệ đấm nước Punch+3 tạo ra dòng nước đưa quần áo nhào trộn theo phương thẳng đứng, từ đó góp phần nâng cao hiệu quả giặt sạch quần áo.&nbsp;</p>



<figure class="wp-block-image"><a href="https://cdn.tgdd.vn/Products/Images/1944/230077/may-giat-lg-t2109vsab-damnuoc.jpg"><img decoding="async" src="https://cdn.tgdd.vn/Products/Images/1944/230077/may-giat-lg-t2109vsab-damnuoc.jpg" alt="Máy giặt LG Inverter 9kg T2109VSAB - Công nghệ đấm nước Punch+3 mạnh mẽ" title="Máy giặt LG Inverter 9kg T2109VSAB - Công nghệ đấm nước Punch+3 mạnh mẽ" /></a></figure>



<h3 class="wp-block-heading">Giảm thiểu xoắn rối quần áo, tạo ra lực xoáy nước mạnh nhờ&nbsp;<a href="https://www.dienmayxanh.com/kinh-nghiem-hay/cong-nghe-turbo-drum-tren-may-giat-lg-682421" target="_blank" rel="noreferrer noopener">công nghệ Turbo Drum</a></h3>



<p>Công nghệ Turbo Drum có khả năng điều khiển lồng giặt xoay ngược chiều với mâm giặt, trong khi đó mâm giặt lại được thiết kế 1 mâm chính và 3 mâm phụ, nên tạo ra lực xoáy nước mạnh giúp đảo trộn quần áo đều hơn cũng như giảm thiểu tình trạng xoắn rối đáng kể.</p>



<figure class="wp-block-image"><a href="https://cdn.tgdd.vn/Products/Images/1944/230077/may-giat-lg-t2109vsab-051721-051701.jpg"><img decoding="async" src="https://cdn.tgdd.vn/Products/Images/1944/230077/may-giat-lg-t2109vsab-051721-051701.jpg" alt="Máy giặt LG Inverter 9kg T2109VSAB trang bị lồng giặt Turbo Drum" title="Máy giặt LG Inverter 9kg T2109VSAB trang bị lồng giặt Turbo Drum" /></a></figure>



<h3 class="wp-block-heading"><a href="https://www.dienmayxanh.com/may-giat?g=tu-8-9-kg-3-5-nguoi" target="_blank" rel="noreferrer noopener">Khối lượng giặt 9 Kg</a>, phù hợp cho gia đình từ 3 &#8211; 5 người&nbsp;</h3>



<p>LG Inverter T2109VSAB sở hữu khối lượng giặt 9 Kg, đáp ứng cho nhu cầu làm sạch quần áo với số lượng nhiều trong mỗi lần giặt, phù hợp với những gia đình có từ 3 &#8211; 5 người.</p>



<figure class="wp-block-image"><a href="https://cdn.tgdd.vn/Products/Images/1944/230077/may-giat-lg-t2109vsab-4-1.jpg"><img decoding="async" src="https://cdn.tgdd.vn/Products/Images/1944/230077/may-giat-lg-t2109vsab-4-1.jpg" alt="Máy giặt LG Inverter 9kg T2109VSAB-Khối lượng giặt 9kg, phù hợp cho gia đình 3 - 5 người " title="Máy giặt LG Inverter 9kg T2109VSAB-Khối lượng giặt 9kg, phù hợp cho gia đình 3 - 5 người " /></a></figure>



<h3 class="wp-block-heading">Tiết kiệm thời gian, tiện lợi với&nbsp;<a href="https://www.dienmayxanh.com/kinh-nghiem-hay/cac-tien-ich-thuong-thay-tren-may-giat-795612#giat-so" target="_blank" rel="noreferrer noopener">chế độ giặt sơ tự động</a></h3>



<p>Chế độ giặt sơ tự động giúp cho bạn không cần phải thao tác bằng tay để xử lý vết bẩn bám trên quần áo trước khi giặt chính thức, tiết kiệm thời gian giặt giũ cho bạn.&nbsp;</p>



<figure class="wp-block-image"><a href="https://cdn.tgdd.vn/Products/Images/1944/230077/may-giat-lg-t2109vsab-giatsotudong.jpg"><img decoding="async" src="https://cdn.tgdd.vn/Products/Images/1944/230077/may-giat-lg-t2109vsab-giatsotudong.jpg" alt="Máy giặt LG Inverter 9kg T2109VSAB-Tiết kiệm thời gian, tiện lợi với chế độ giặt sơ tự động" title="Máy giặt LG Inverter 9kg T2109VSAB-Tiết kiệm thời gian, tiện lợi với chế độ giặt sơ tự động" /></a></figure>



<h3 class="wp-block-heading">Xử lý lỗi nhanh, tiết kiệm chi phí sửa chữa nhờ&nbsp;<a href="https://www.dienmayxanh.com/kinh-nghiem-hay/chuc-nang-chan-doan-thong-minh-tren-may-giat-la-gi-886890" target="_blank" rel="noreferrer noopener">công nghệ chẩn đoán lỗi Smart Diagnosis</a></h3>



<p>Dùng chiếc điện thoại thông minh kết nối với ứng dụng của nhà sản xuất, bạn có thể chẩn đoán nhanh và xử lý các lỗi thường gặp trên máy giặt LG Inverter T2109VSAB, giúp tiết kiệm chi phí sửa chữa và không làm gián đoạn thời gian công việc giặt giũ của bạn.&nbsp;</p>



<figure class="wp-block-image"><a href="https://cdn.tgdd.vn/Products/Images/1944/230077/may-giat-lg-t2109vsab-6.png"><img decoding="async" src="https://cdn.tgdd.vn/Products/Images/1944/230077/may-giat-lg-t2109vsab-6.png" alt="Máy giặt LG Inverter 9kg T2109VSAB-Xử lý lỗi nhanh, tiết kiệm chi phí sửa chữa nhờ công nghệ chẩn đoán lỗi Smart Diagnosis" title="Máy giặt LG Inverter 9kg T2109VSAB-Xử lý lỗi nhanh, tiết kiệm chi phí sửa chữa nhờ công nghệ chẩn đoán lỗi Smart Diagnosis" /></a></figure>



<p><em>*Hình ảnh chỉ mang tính chất minh họa</em></p>



<h3 class="wp-block-heading">Đánh tan bột giặt với thác nước vòng cung</h3>



<p>Các thác nước vòng cung giúp hòa tan bột giặt nhanh chóng để dễ dàng thẩm thấu vào áo quần giúp quần áo sạch hơn, đồng thời giảm thiểu cặn bột giặt còn sót lại gây dị ứng và mẩn ngứa.</p>



<figure class="wp-block-image"><a href="https://cdn.tgdd.vn/Products/Images/1944/230077/may-giat-lg-t2109vsab-7.jpg"><img decoding="async" src="https://cdn.tgdd.vn/Products/Images/1944/230077/may-giat-lg-t2109vsab-7.jpg" alt="Máy giặt LG Inverter 9kg T2109VSAB Có hiệu ứng thác nước vòng cung" title="Máy giặt LG Inverter 9kg T2109VSAB Có hiệu ứng thác nước vòng cung" /></a></figure>



<p><em>*Hình ảnh chỉ mang tính chất minh họa</em></p>



<p>Tóm lại,<a href="https://www.dienmayxanh.com/may-giat/may-giat-lg-t2109vsab" target="_blank" rel="noreferrer noopener">&nbsp;máy giặt LG TurboDrum Inverter 9 kg T2109VSAB</a>&nbsp;là chiếc máy giặt phù hợp cho những hộ gia đình có từ 3 &#8211; 5 thành viên với nhu cầu giặt giũ nhiều quần áo trong mỗi lần giặt. Máy giặt mang lại hiệu quả giặt sạch với nhiều công nghệ được tích hợp, nhất là khả năng tiết kiệm điện và nước cho người sử dụng.&nbsp;</p>
]]></content:encoded>
					
					<wfw:commentRss>/product/may-giat-lg-turbodrum-inverter-9-kg-t2109vsab/feed/</wfw:commentRss>
			<slash:comments>0</slash:comments>
		
		
			</item>
		<item>
		<title>Máy giặt Samsung Inverter 9.5 kg WW95TA046AX/SV</title>
		<link>/product/may-giat-samsung-inverter-9-5-kg-ww95ta046ax-sv/</link>
					<comments>/product/may-giat-samsung-inverter-9-5-kg-ww95ta046ax-sv/#respond</comments>
		
		<dc:creator><![CDATA[admin]]></dc:creator>
		<pubDate>Tue, 05 Dec 2023 03:42:10 +0000</pubDate>
				<guid isPermaLink="false">/?post_type=product#038;p=87</guid>

					<description><![CDATA[Giặt sạch sâu, bảo vệ sợi vải tốt hơn 45% với công nghệ giặt bong bóng siêu mịn EcoBubble<br><a href="https://www.dienmayxanh.com/may-giat/samsung-ww95ta046ax-sv" target="_blank" rel="noreferrer noopener">Máy giặt Samsung Inverter 9.5kg WW95TA046AX/SV</a> với công nghệ EcoBubble sẽ đánh tan chất giặt tẩy với sự kết hợp giữa khí và nước, tạo thành bong bóng siêu mịn thẩm thấu vào sợi vải nhanh gấp 40 lần, đánh bật các vết bẩn hiệu quả tốt hơn 24% và loại bỏ cặn bám.<br>Bên cạnh đó, <a href="https://www.dienmayxanh.com/kinh-nghiem-hay/cong-nghe-giat-tren-may-giat-samsung-586471#hmenuid1" target="_blank" rel="noreferrer noopener">công nghệ EcoBubble</a> với cơ chế giặt nước lạnh sẽ hạn chế tối đa hư tổn, bảo vệ màu và chất liệu vải tốt hơn 45%, tiết kiệm đến 70% điện năng.]]></description>
										<content:encoded><![CDATA[
<h3 class="wp-block-heading">Giặt sạch sâu, bảo vệ sợi vải tốt hơn 45% với công nghệ giặt bong bóng siêu mịn EcoBubble</h3>



<p><a href="https://www.dienmayxanh.com/may-giat/samsung-ww95ta046ax-sv" target="_blank" rel="noreferrer noopener">Máy giặt Samsung Inverter 9.5kg WW95TA046AX/SV</a>&nbsp;với công nghệ EcoBubble sẽ đánh tan chất giặt tẩy với sự kết hợp giữa khí và nước, tạo thành bong bóng siêu mịn thẩm thấu vào sợi vải nhanh gấp 40 lần, đánh bật các vết bẩn hiệu quả tốt hơn 24% và loại bỏ cặn bám.</p>



<p>Bên cạnh đó,&nbsp;<a href="https://www.dienmayxanh.com/kinh-nghiem-hay/cong-nghe-giat-tren-may-giat-samsung-586471#hmenuid1" target="_blank" rel="noreferrer noopener">công nghệ EcoBubble</a>&nbsp;với cơ chế giặt nước lạnh sẽ hạn chế tối đa hư tổn, bảo vệ màu và chất liệu vải tốt hơn 45%, tiết kiệm đến 70% điện năng.</p>



<figure class="wp-block-image"><a href="https://cdn.tgdd.vn/Products/Images/1944/236125/ecobubble.jpg"><img decoding="async" src="https://cdn.tgdd.vn/Products/Images/1944/236125/ecobubble.jpg" alt="Máy giặt Samsung Inverter 9.5kg WW95TA046AX/SV - Giặt sạch sâu, bảo vệ sợi vải tốt hơn 45% với công nghệ giặt bong bóng siêu mịn EcoBubble" title="Máy giặt Samsung Inverter 9.5kg WW95TA046AX/SV - " /></a></figure>



<p><em>*Hình ảnh chỉ mang tính chất minh họa</em></p>



<h3 class="wp-block-heading">Diệt khuẩn 99,9%, ngừa dị ứng với công nghệ giặt hơi nước Hygiene Steam</h3>



<p><a href="https://www.dienmayxanh.com/kinh-nghiem-hay/cong-nghe-giat-hoi-nuoc-steam-tren-may-giat-samsun-1079405" target="_blank" rel="noreferrer noopener">Công nghệ Hygiene Steam</a>&nbsp;sẽ thổi hơi nước ở nhiệt độ cao từ đáy lồng giặt lên vào toàn bộ bề mặt và sâu bên trong từng kẽ vải, giúp loại bỏ cặn bẩn và diệt 99.9% vi khuẩn, các tác nhân gây dị ứng, bảo vệ sức khỏe cả gia đình.</p>



<figure class="wp-block-image"><a href="https://cdn.tgdd.vn/Products/Images/1944/236125/giat-hoi-nuoc-hygiene-steam.jpg"><img decoding="async" src="https://cdn.tgdd.vn/Products/Images/1944/236125/giat-hoi-nuoc-hygiene-steam.jpg" alt="Máy giặt Samsung Inverter 9.5kg WW95TA046AX/SV - Diệt khuẩn 99,9%, ngừa dị ứng với công nghệ Hygiene Steam" title="Máy giặt Samsung Inverter 9.5kg WW95TA046AX/SV" /></a></figure>



<p><em>*Hình ảnh chỉ mang tính chất minh họa&nbsp;</em></p>



<p><em>* Intertek là nhà cung cấp dịch vụ kiểm định hàng đầu với hơn 40,000 nhân viên và 1,000 văn phòng tại hơn 100 quốc gia. Intertek đã được chứng nhận, công nhận và hợp tác rộng rãi trên toàn cầu. Bất cứ sản phẩm nào, khi được Intertek kiểm định thì đều có thể đảm bảo sản phẩm đó đáp ứng được các tiêu chuẩn về chất lượng, y tế, môi trường, an toàn và trách nhiệm xã hội áp dụng tại bất kỳ thị trường nào trên thế giới.</em></p>



<figure class="wp-block-image"><a href="https://cdn.tgdd.vn/Products/Images/1944/236125/samsung-ww95ta046ax-sv-251121-015910.jpg"><img decoding="async" src="https://cdn.tgdd.vn/Products/Images/1944/236125/samsung-ww95ta046ax-sv-251121-015910.jpg" alt="Kết quả chứng nhận thử nghiệm công nghệ giặt hơi nước Hygiene Steam" title="Kết quả chứng nhận thử nghiệm công nghệ giặt hơi nước Hygiene Steam" /></a></figure>



<p><em>Công nghệ giặt hơi nước Hygiene Steam trên máy giặt Samsung được Intertek công nhận có thể diệt khuẩn 99,9%, ngừa dị ứng.</em></p>



<h3 class="wp-block-heading">Giảm ồn, chống rung tốt hơn 30% với công nghệ VRT Plus<img src="https://s.w.org/images/core/emoji/14.0.0/72x72/2122.png" alt="™" class="wp-smiley" style="height: 1em; max-height: 1em;" /></h3>



<p>Công nghệ VRT Plus<img src="https://s.w.org/images/core/emoji/14.0.0/72x72/2122.png" alt="™" class="wp-smiley" style="height: 1em; max-height: 1em;" /> trên&nbsp;<a href="https://www.dienmayxanh.com/may-giat-samsung" target="_blank" rel="noreferrer noopener">máy giặt Samsung</a>&nbsp;với thiết kế khung máy tối ưu mang lại sự ổn định cao hơn, kết hợp với bộ cảm biến độ rung ồn, giảm rung ồn hiệu quả đến 30% kể cả khi đang vắt với tốc độ cao hoặc ở bất kỳ tải giặt nào.</p>



<figure class="wp-block-image"><a href="https://cdn.tgdd.vn/Products/Images/1944/236125/vanhanhemai1.jpg"><img decoding="async" src="https://cdn.tgdd.vn/Products/Images/1944/236125/vanhanhemai1.jpg" alt="Máy giặt Samsung Inverter 9.5kg WW95TA046AX/SV - Giảm ồn, chống rung tốt hơn 30% với công nghệ VRT Plus&#x2122;" title="Máy giặt Samsung Inverter 9.5kg WW95TA046AX/SV" /></a></figure>



<p><em>*Hình ảnh chỉ mang tính chất minh họa</em></p>



<h3 class="wp-block-heading">Động cơ Digital Inverter tiết kiệm điện năng, vận hành êm ái, bền bỉ</h3>



<p><a href="https://www.dienmayxanh.com/may-giat" target="_blank" rel="noreferrer noopener">Máy giặt</a>&nbsp;được trang bị động cơ Digital Inverter với nam châm vĩnh cửu, giảm tối đa ma sát khi máy giặt vận hành, giúp tiết kiệm điện năng, vận hành êm ái hơn so với động cơ thông thường sử dụng chổi than.</p>



<p>Đặc biệt, động cơ Digital Inverter có độ bền vượt trội đến 23 năm và được bảo hành 20 năm (Áp dụng từ 1/11/2022).</p>



<figure class="wp-block-image"><a href="https://cdn.tgdd.vn/Products/Images/1944/236125/digital-inverter-1.jpg"><img decoding="async" src="https://cdn.tgdd.vn/Products/Images/1944/236125/digital-inverter-1.jpg" alt="Máy giặt Samsung Inverter 9.5kg WW95TA046AX/SV - Động cơ Digital Inverter tiết kiệm điện năng, vận hành êm ái, bền bỉ" title="Máy giặt Samsung Inverter 9.5kg WW95TA046AX/SV" /></a></figure>



<p><em>*Hình ảnh chỉ mang tính chất minh họa</em></p>



<h3 class="wp-block-heading">Chẩn đoán sự cố và khắc phục lỗi nhanh chóng với Smart Check</h3>



<p>Hệ thống theo dõi lỗi tự động Smart Check sẽ phát hiện nếu xảy ra sự cố đột ngột, chẩn đoán và cung cấp giải pháp thông qua ứng dụng trên điện thoại, giúp tiết kiệm thời gian và chi phí sửa chữa.</p>



<figure class="wp-block-image"><a href="https://cdn.tgdd.vn/Products/Images/1944/236125/smartcheck.jpg"><img decoding="async" src="https://cdn.tgdd.vn/Products/Images/1944/236125/smartcheck.jpg" alt="Máy giặt Samsung Inverter 9.5kg WW95TA046AX/SV - Chẩn đoán sự cố và khắc phục lỗi nhanh chóng với Smart Check" title="Máy giặt Samsung Inverter 9.5kg WW95TA046AX/SV" /></a></figure>



<p><em>*Hình ảnh chỉ mang tính chất minh họa</em></p>



<h3 class="wp-block-heading">Nâng cao hiệu quả giặt sạch, giảm thiểu hư tổn quần áo với lồng giặt kim cương</h3>



<p>Bề mặt&nbsp;<a href="https://www.dienmayxanh.com/kinh-nghiem-hay/cong-nghe-giat-tren-may-giat-samsung-586471#long-giat-kim-cuong" target="_blank" rel="noreferrer noopener">lồng giặt kim cương</a>&nbsp;uốn cong độc đáo, cùng các lỗ thoát nước cực nhỏ sẽ giúp việc giặt sạch quần áo được nâng cao, đồng thời nhẹ nhàng chăm sóc từng sợi vải, quần áo hạn chế bị sờn và hư hỏng.</p>



<figure class="wp-block-image"><a href="https://cdn.tgdd.vn/Products/Images/1944/236125/activefoam.jpg"><img decoding="async" src="https://cdn.tgdd.vn/Products/Images/1944/236125/activefoam.jpg" alt="Máy giặt Samsung Inverter 9.5kg WW95TA046AX/SV - Nâng cao hiệu quả giặt sạch, giảm thiểu hư tổn quần áo với lồng giặt kim cương" title="Máy giặt Samsung Inverter 9.5kg WW95TA046AX/SV" /></a></figure>



<p><em>*Hình ảnh chỉ mang tính chất minh họa</em></p>



<h3 class="wp-block-heading"><a href="https://www.dienmayxanh.com/may-giat?g=tu-95-10-kg-5-7-nguoi" target="_blank" rel="noreferrer noopener">Khối lượng giặt 9.5 kg</a>, phù hợp với gia đình có từ 5 &#8211; 7 người</h3>



<p>Máy giặt Samsung Inverter WW95TA046AX/SV sở hữu khối lượng giặt lên đến 9.5 kg, sẽ là sự lựa chọn thích hợp cho những hộ gia đình có từ 5 &#8211; 7 thành viên, hoặc ít hơn nhưng lại có nhu cầu làm sạch nhiều quần áo trong mỗi lần giặt.</p>



<figure class="wp-block-image"><a href="https://cdn.tgdd.vn/Products/Images/1944/236125/kl-1.jpg"><img decoding="async" src="https://cdn.tgdd.vn/Products/Images/1944/236125/kl-1.jpg" alt="Máy giặt Samsung Inverter 9.5kg WW95TA046AX/SV - Khối lượng giặt 9.5 kg, phù hợp với gia đình có từ 5 - 7 người" title="Máy giặt Samsung Inverter 9.5kg WW95TA046AX/SV" /></a></figure>



<p><em>*Hình ảnh chỉ mang tính chất minh họa</em></p>



<h3 class="wp-block-heading">14 chương trình giặt tiện ích, đáp ứng nhiều nhu cầu giặt giũ</h3>



<p>Bảng điều khiển trên máy giặt được thiết kế dạng núm xoay, có màn hình hiển thị rõ ràng hỗ trợ cả tiếng Anh lẫn tiếng Việt giúp người dùng dễ thao tác, sử dụng. Bao gồm 14 chương trình giặt khác nhau như: giặt nhanh 15 phút, giặt hơi nước, đồ len, giặt nước lạnh, giặt hằng ngày, vắt, vệ sinh lồng giặt&#8230;<a href="https://www.dienmayxanh.com/may-giat/samsung-ww95ta046ax-sv#top-tskt" target="_blank" rel="noreferrer noopener">(Xem thêm chi tiết tại bảng TSKT)</a>. Trong đó, chế độ vắt sẽ giúp quần áo nhanh khô hơn, tiết kiệm đáng kể thời gian phơi quần áo.</p>



<figure class="wp-block-image"><a href="https://cdn.tgdd.vn/Products/Images/1944/236125/samsung-ww95ta046ax-sv-261021-085148.jpg"><img decoding="async" src="https://cdn.tgdd.vn/Products/Images/1944/236125/samsung-ww95ta046ax-sv-261021-085148.jpg" alt="Máy giặt Samsung Inverter 9.5kg WW95TA046AX/SV - 14 chương trình giặt" title="Máy giặt Samsung Inverter 9.5kg WW95TA046AX/SV - 14 chương trình giặt" /></a></figure>



<h3 class="wp-block-heading">Chế độ Drum Clean tự động vệ sinh lồng giặt, loại bỏ cặn bám</h3>



<p>Máy giặt sẽ tự động thông báo khi cần vệ sinh (sau 40 lần giặt) và tự vệ sinh cửa lẫn bên trong lồng giặt khi&nbsp;<a href="https://www.dienmayxanh.com/kinh-nghiem-hay/cong-nghe-giat-tren-may-giat-samsung-586471#drum-clean" target="_blank" rel="noreferrer noopener">chế độ Drum Clean</a>&nbsp;được chọn. Vòi xịt nước mạnh mẽ sẽ dễ dàng loại bỏ cặn bám và mùi hôi trong lồng giặt mà không cần sử dụng hóa chất.</p>



<figure class="wp-block-image"><a href="https://cdn.tgdd.vn/Products/Images/1944/236125/Slider/samsung-ww95ta046ax-sv-230321-0827070.jpg"><img decoding="async" src="https://cdn.tgdd.vn/Products/Images/1944/236125/Slider/samsung-ww95ta046ax-sv-230321-0827070.jpg" alt="Máy giặt Samsung Inverter 9.5kg WW95TA046AX/SV - Chế độ Drum Clean tự động vệ sinh lồng giặt và diệt khuẩn 99.9%" /></a></figure>



<p><em>*Hình ảnh chỉ mang tính chất minh họa</em></p>



<p>Với những công nghệ, tính năng vô cùng tiện ích như: giặt bong bóng EcoBubble, giặt hơi nước Hygiene Steam, công nghệ VRT Plus<img src="https://s.w.org/images/core/emoji/14.0.0/72x72/2122.png" alt="™" class="wp-smiley" style="height: 1em; max-height: 1em;" /> chống ồn,&#8230; được trang bị trên máy giặt Samsung Inverter 9.5kg WW95TA046AX/SV sẽ hỗ trợ gia đình bạn rất nhiều trong việc giặt giũ và máy giặt này thích hợp với gia đình từ 5 &#8211; 7 thành viên.</p>
]]></content:encoded>
					
					<wfw:commentRss>/product/may-giat-samsung-inverter-9-5-kg-ww95ta046ax-sv/feed/</wfw:commentRss>
			<slash:comments>0</slash:comments>
		
		
			</item>
	</channel>
</rss>
