<?xml version="1.0" encoding="UTF-8"?><rss version="2.0"
	xmlns:content="http://purl.org/rss/1.0/modules/content/"
	xmlns:wfw="http://wellformedweb.org/CommentAPI/"
	xmlns:dc="http://purl.org/dc/elements/1.1/"
	xmlns:atom="http://www.w3.org/2005/Atom"
	xmlns:sy="http://purl.org/rss/1.0/modules/syndication/"
	xmlns:slash="http://purl.org/rss/1.0/modules/slash/"
	
	xmlns:georss="http://www.georss.org/georss"
	xmlns:geo="http://www.w3.org/2003/01/geo/wgs84_pos#"
	>

<channel>
	<title>Tủ lạnh &#8211; Điện máy tốt</title>
	<atom:link href="http://localhost/Rent-House/product-category/tu-lanh/feed/?simply_static_page=477" rel="self" type="application/rss+xml" />
	<link></link>
	<description></description>
	<lastBuildDate>Tue, 05 Dec 2023 03:41:29 +0000</lastBuildDate>
	<language>en-US</language>
	<sy:updatePeriod>
	hourly	</sy:updatePeriod>
	<sy:updateFrequency>
	1	</sy:updateFrequency>
	<generator>https://wordpress.org/?v=6.4.1</generator>
	<item>
		<title>Tủ lạnh Samsung Inverter 236 lít RT22M4032BY/SV</title>
		<link>/product/tu-lanh-samsung-inverter-236-lit-rt22m4032by-sv/</link>
					<comments>/product/tu-lanh-samsung-inverter-236-lit-rt22m4032by-sv/#respond</comments>
		
		<dc:creator><![CDATA[admin]]></dc:creator>
		<pubDate>Tue, 05 Dec 2023 03:37:27 +0000</pubDate>
				<guid isPermaLink="false">/?post_type=product#038;p=82</guid>

					<description><![CDATA[Thịt cá tươi ngon, ăn trong ngày không cần rã đông với <a href="https://www.dienmayxanh.com/kinh-nghiem-hay/cac-diem-noi-bat-tren-tu-lanh-samsung-2018-1116370#optimal-fresh-zone" target="_blank" rel="noreferrer noopener">ngăn đông mềm -1 độ C Optimal Fresh Zone</a><br>Ngăn đông mềm thực phẩm ở nhiệt độ -1°C của <a href="https://www.dienmayxanh.com/tu-lanh" target="_blank" rel="noreferrer noopener">tủ lạnh</a> giúp thịt cá luôn tươi ngon, trọn vẹn dinh dưỡng do chúng không bị đông đá, giúp bạn có thể chế biến thực phẩm nhanh chóng không cần rã đông.<br>Bạn nên sử dụng ngăn này đối với thực phẩm sẽ chế biến trong ngày, nếu muốn trữ lâu hơn, bạn hãy dùng ngăn đông để bảo quản được tốt nhất.]]></description>
										<content:encoded><![CDATA[
<h3 class="wp-block-heading">Thịt cá tươi ngon, ăn trong ngày không cần rã đông với&nbsp;<a href="https://www.dienmayxanh.com/kinh-nghiem-hay/cac-diem-noi-bat-tren-tu-lanh-samsung-2018-1116370#optimal-fresh-zone" target="_blank" rel="noreferrer noopener">ngăn đông mềm -1 độ C Optimal Fresh Zone</a></h3>



<p>Ngăn đông mềm thực phẩm ở nhiệt độ -1°C của&nbsp;<a href="https://www.dienmayxanh.com/tu-lanh" target="_blank" rel="noreferrer noopener">tủ lạnh</a>&nbsp;giúp thịt cá luôn tươi ngon, trọn vẹn dinh dưỡng do chúng không bị đông đá, giúp bạn có thể chế biến thực phẩm nhanh chóng không cần rã đông.</p>



<p>Bạn nên sử dụng ngăn này đối với thực phẩm sẽ chế biến trong ngày, nếu muốn trữ lâu hơn, bạn hãy dùng ngăn đông để bảo quản được tốt nhất.</p>



<p><video autoplay="" height="" loop="" muted="" width=""></video></p>



<h3 class="wp-block-heading">Rau củ luôn tươi ngon, mọng nước với ngăn rau củ giữ ẩm Big box</h3>



<p>Ngăn rau củ giữ ẩm Big box có dung tích lớn giúp bạn có không gian lưu trữ rộng hơn, trữ được thực phẩm nhiều hơn mà vẫn tươi ngon, mọng nước.</p>



<figure class="wp-block-image"><a href="https://cdn.tgdd.vn/Products/Images/1943/220325/samsung-rt22m4032by-sv-250522-051036.jpg"><img decoding="async" src="https://cdn.tgdd.vn/Products/Images/1943/220325/samsung-rt22m4032by-sv-250522-051036.jpg" alt="Tủ lạnh Samsung Inverter 236 lít RT22M4032BY/SV - Ngăn rau củ" title="Tủ lạnh Samsung Inverter 236 lít RT22M4032BY/SV - Ngăn rau củ" /></a></figure>



<h3 class="wp-block-heading">Tiết kiệm điện năng, vận hành êm ái và bền bỉ với công nghệ&nbsp;<a href="https://www.dienmayxanh.com/tu-lanh-inverter" target="_blank" rel="noreferrer noopener">Digital Inverter</a>&nbsp;hiện đại</h3>



<p>Công nghệ Digital Inverter giúp cho&nbsp;<a href="https://www.dienmayxanh.com/tu-lanh-samsung" target="_blank" rel="noreferrer noopener">tủ lạnh Samsung</a>&nbsp;của bạn vừa tiết kiệm điện năng tiêu thụ, vừa vận hành thật êm ái và bền bỉ.</p>



<p>https://youtube.com/watch?v=2w6kaM9cDIk%3Frel%3D0%26enablejsapi%3D1%26origin%3Dhttps%253A%252F%252Fwww.dienmayxanh.com</p>



<h3 class="wp-block-heading">Hơi lạnh lan tỏa đều khắp tủ với công nghệ làm lạnh vòm</h3>



<p>Công nghệ làm lạnh vòm làm lạnh nhanh chóng, dễ dàng đưa không khí lạnh lan tỏa đều khắp tủ, giúp thực phẩm ở từng ngăn tủ đều tươi ngon trong thời gian lâu hơn.</p>



<figure class="wp-block-image"><a href="https://cdn.tgdd.vn/Products/Images/1943/220325/samsung-rt22m4032by-sv-250522-051034.jpg"><img decoding="async" src="https://cdn.tgdd.vn/Products/Images/1943/220325/samsung-rt22m4032by-sv-250522-051034.jpg" alt="Tủ lạnh Samsung Inverter 236 lít RT22M4032BY/SV - Làm lạnh vòm" title="Tủ lạnh Samsung Inverter 236 lít RT22M4032BY/SV - Làm lạnh vòm" /></a></figure>



<h3 class="wp-block-heading">Kháng khuẩn, khử mùi hôi hiệu quả với&nbsp;<a href="https://www.dienmayxanh.com/kinh-nghiem-hay/cong-nghe-khang-khuan-tren-tu-lanh-samsung-585636#bo-loc-than-hoat-tinh" target="_blank" rel="noreferrer noopener">bộ lọc than hoạt tính Deodorizer</a></h3>



<p>Bộ lọc than hoạt tính giúp tinh lọc không khí bên trong, loại bỏ mùi hôi khó chịu cho lớp không khí trong lành, tươi mát, giữ thức ăn luôn tươi ngon, trọn vị.</p>



<p><video autoplay="" height="" loop="" muted="" width=""></video></p>



<h3 class="wp-block-heading">Thiết kế sang trọng, dung tích 236 lít cho gia đình từ 2 &#8211; 3 người</h3>



<p>Nâng tầm không gian bếp nhà bạn thêm nổi bật và sang trọng với thiết kế tối giản, giảm thiểu chi tiết đem lại sự tao nhã sang trọng từ&nbsp;<a href="https://www.dienmayxanh.com/tu-lanh-samsung-inverter" target="_blank" rel="noreferrer noopener">tủ lạnh Samsung Inverter</a>.&nbsp;</p>



<p><strong>Lưu ý: Khi mua tủ lạnh Samsung Inverter 236 lít RT22M4032BY/SV từ ngày 01/11/2022 sẽ được bảo hành động cơ máy nén 20 năm. Các sản phẩm mua trước ngày 01/11/2022 đều được bảo hành động cơ máy nén 10 năm.</strong></p>



<h3 class="wp-block-heading"><a href="https://cdn.tgdd.vn/Products/Images/1943/220325/Slider/-samsung5.jpg"></a></h3>



<p>Dung tích&nbsp;<a href="https://www.dienmayxanh.com/tu-lanh-samsung?g=tu-150-300-lit" target="_blank" rel="noreferrer noopener">tủ lạnh Samsung 236 lít</a>&nbsp;phù hợp với những gia đình nhỏ, đáp ứng được nhu cầu sử dụng của 2 &#8211; 3 thành viên.</p>



<figure class="wp-block-image"><a href="https://cdn.tgdd.vn/Products/Images/1943/220325/samsung-rt22m4032by-sv1--thiet-ke-dung-tich-2.jpg"><img decoding="async" src="https://cdn.tgdd.vn/Products/Images/1943/220325/samsung-rt22m4032by-sv1--thiet-ke-dung-tich-2.jpg" alt="Dung tích" title="Dung tích" /></a></figure>



<p>Nói chung,&nbsp;<a href="https://www.dienmayxanh.com/tu-lanh/samsung-rt22m4032by-sv" target="_blank" rel="noreferrer noopener">tủ lạnh Samsung Inverter 236 lít RT22M4032BY/SV</a>&nbsp;là một lựa chọn khá hợp lý cho căn bếp của bạn với nhiều ưu điểm như thiết kế sang trọng, tiết kiệm điện năng, làm lạnh nhanh,&#8230; Những công nghệ thế hệ mới hiện đại này sẽ đáp ứng được cho nhu cầu sử dụng của cả gia đình bạn.</p>
]]></content:encoded>
					
					<wfw:commentRss>/product/tu-lanh-samsung-inverter-236-lit-rt22m4032by-sv/feed/</wfw:commentRss>
			<slash:comments>0</slash:comments>
		
		
			</item>
		<item>
		<title>Tủ lạnh Aqua Inverter 456 lít Multi Door AQR-M525XA(FB)</title>
		<link>/product/tu-lanh-aqua-inverter-456-lit-multi-door-aqr-m525xafb/</link>
					<comments>/product/tu-lanh-aqua-inverter-456-lit-multi-door-aqr-m525xafb/#respond</comments>
		
		<dc:creator><![CDATA[admin]]></dc:creator>
		<pubDate>Tue, 05 Dec 2023 03:32:54 +0000</pubDate>
				<guid isPermaLink="false">/?post_type=product#038;p=78</guid>

					<description><![CDATA[<em style="margin: 0px;padding: 0px;font-family: Arial, Helvetica, sans-serif;font-size: 16px"><strong style="margin: 0px;padding: 0px"><a title="Xem thêm Tủ lạnh Aqua Inverter 456 lít AQR-M525XA(FB)" style="margin: 0px;padding: 0px" href="https://www.dienmayxanh.com/tu-lanh/tu-lanh-aqua-inverter-456-lit-aqr-m525xa-fb" target="_blank" rel="noopener">Tủ lạnh Aqua Inverter 456 lít AQR-M525XA(FB)</a> thiết kế có thể bảo quản thực phẩm khô và ẩm riêng biệt nhờ c</strong></em><strong style="margin: 0px;padding: 0px;font-family: Arial, Helvetica, sans-serif;font-size: 16px"><i style="margin: 0px;padding: 0px">ông nghệ cân bằng độ ẩm HCS</i></strong><em style="margin: 0px;padding: 0px;font-family: Arial, Helvetica, sans-serif;font-size: 16px"><strong style="margin: 0px;padding: 0px">, giúp duy trì được độ tươi ngon cũng như kéo dài thời gian bảo quản thực phẩm lâu hơn. Chưa hết, tủ lạnh này còn có khả năng tiết kiệm điện và khử mùi hôi tối ưu.</strong></em>]]></description>
										<content:encoded><![CDATA[
<p><em><strong><a href="https://www.dienmayxanh.com/tu-lanh/tu-lanh-aqua-inverter-456-lit-aqr-m525xa-fb" target="_blank" rel="noreferrer noopener">Tủ lạnh Aqua Inverter 456 lít AQR-M525XA(FB)</a>&nbsp;thiết kế có thể bảo quản thực phẩm khô và ẩm riêng biệt nhờ c</strong></em><strong><em>ông nghệ cân bằng độ ẩm HCS</em></strong><em><strong>, giúp duy trì được độ tươi ngon cũng như kéo dài thời gian bảo quản thực phẩm lâu hơn. Chưa hết, tủ lạnh này còn có khả năng tiết kiệm điện và khử mùi hôi tối ưu.</strong></em></p>



<h3 class="wp-block-heading">Tổng quan thiết kế</h3>



<p>&#8211; Aqua Inverter 456 lít AQR-M525XA(FB) thuộc kiểu&nbsp;<a href="https://www.dienmayxanh.com/tu-lanh-nhieu-cua" target="_blank" rel="noreferrer noopener">tủ lạnh MultiDoor</a>&nbsp;bắt mắt với chất liệu cửa tủ làm bằng&nbsp;<strong>thép không gỉ</strong>&nbsp;và&nbsp;<strong>màu đen ngọc trai</strong>&nbsp;sang trọng, dễ dàng phối hợp với các nội thất khác bên trong nhà bếp.</p>



<p>&#8211; Nhờ sở hữu dung tích<strong>&nbsp;456 lít</strong>, chiếc&nbsp;<a href="https://www.dienmayxanh.com/tu-lanh-aqua-sanyo" target="_blank" rel="noreferrer noopener">tủ lạnh Aqua</a>&nbsp;này phù hợp cho những gia đình từ&nbsp;<strong>4 &#8211; 5 người</strong>&nbsp;hoặc những hộ gia đình ít thành viên hơn nhưng muốn lưu trữ và bảo quản thực phẩm cho số lượng khoảng 5 người hay đơn giản là phục vụ tốt cho mục đích kinh doanh.</p>



<figure class="wp-block-image"><a href="https://cdn.tgdd.vn/Products/Images/1943/284851/tu-lanh-aqua-inverter-456-lit-aqr-m525xa-fb-101022-052753.jpg"><img decoding="async" src="https://cdn.tgdd.vn/Products/Images/1943/284851/tu-lanh-aqua-inverter-456-lit-aqr-m525xa-fb-101022-052753.jpg" alt="Tủ lạnh Aqua Inverter 456 lít AQR-M525XA(FB) - Tổng quan thiết kế" title="Tủ lạnh Aqua Inverter 456 lít AQR-M525XA(FB) - Tổng quan thiết kế" /></a></figure>



<h3 class="wp-block-heading">Ngăn lạnh</h3>



<p>&#8211; Dung tích ngăn lạnh&nbsp;<strong>316 lít</strong>. Bên trong tủ được thiết kế có kệ, ngăn đựng thực phẩm tươi và ngăn đựng thực phẩm khô. Ngoài ra, mỗi bên cánh cửa&nbsp;<a href="https://www.dienmayxanh.com/tu-lanh" target="_blank" rel="noreferrer noopener">tủ lạnh</a>&nbsp;cũng được thiết kế thêm khay chứa.</p>



<p>&#8211; Ngăn rau củ quả được chia thành 1 ngăn đựng thực phẩm tươi và 1 ngăn đựng thực phẩm khô, có khả năng duy trì được độ ẩm chuyên biệt để giúp bảo quản thực phẩm được tốt hơn.&nbsp;</p>



<h3 class="wp-block-heading">Ngăn đá</h3>



<p>Dung tích ngăn đá&nbsp;<strong>140 lít</strong>, gồm có hộp chứa đá, ngăn và hộc chứa thuận tiện cho việc phân loại thực phẩm.</p>



<figure class="wp-block-image"><a href="https://cdn.tgdd.vn/Products/Images/1943/284851/tu-lanh-aqua-inverter-456-lit-aqr-m525xa-fb-101022-052755.jpg"><img decoding="async" src="https://cdn.tgdd.vn/Products/Images/1943/284851/tu-lanh-aqua-inverter-456-lit-aqr-m525xa-fb-101022-052755.jpg" alt="Tủ lạnh Aqua Inverter 456 lít AQR-M525XA(FB) - Ngăn đá và ngăn lạnh" title="Tủ lạnh Aqua Inverter 456 lít AQR-M525XA(FB) - Ngăn đá và ngăn lạnh" /></a></figure>



<h3 class="wp-block-heading">Công nghệ tiết kiệm điện</h3>



<p><strong>Công nghệ Twin Inverter</strong>&nbsp;có khả năng điều khiển linh hoạt máy nén và quạt tản nhiệt, giúp nhiệt độ bên trong tủ lạnh được duy trì tối ưu mà vẫn mang lại hiệu quả tiết kiệm điện, đồng thời còn giúp cho&nbsp;<a href="https://www.dienmayxanh.com/tu-lanh-aqua-sanyo-inverter" target="_blank" rel="noreferrer noopener">tủ lạnh Aqua Inverter</a>&nbsp;vận hành êm ái, giảm thiểu tiếng ồn ảnh hưởng đến không gian sinh hoạt của gia đình.</p>



<figure class="wp-block-image"><a href="https://cdn.tgdd.vn/Products/Images/1943/284851/tu-lanh-aqua-inverter-456-lit-aqr-m525xa-fb-101022-052756.jpg"><img decoding="async" src="https://cdn.tgdd.vn/Products/Images/1943/284851/tu-lanh-aqua-inverter-456-lit-aqr-m525xa-fb-101022-052756.jpg" alt="Tủ lạnh Aqua Inverter 456 lít AQR-M525XA(FB) - Công nghệ tiết kiệm điện" title="Tủ lạnh Aqua Inverter 456 lít AQR-M525XA(FB) - Công nghệ tiết kiệm điện" /></a></figure>



<h3 class="wp-block-heading">Công nghệ làm lạnh + Công nghệ bảo quản thực phẩm</h3>



<p>&#8211;&nbsp;<strong>Công nghệ làm lạnh đa chiều</strong>&nbsp;giúp các luồng khí lạnh được lan tỏa đều bên trong ngăn tủ, giúp thực phẩm được làm lạnh một cách toàn diện và giảm thiểu tình trạng ôi thiu do không đủ độ lạnh.</p>



<p>&#8211;&nbsp;<strong>Công nghệ cân bằng độ ẩm HCS</strong>&nbsp;có thể duy trì được&nbsp;<strong>90%</strong>&nbsp;độ ẩm, giúp cho rau củ và trái cây giữ được độ tươi ngon và hương vị lâu nhất có thể.</p>



<figure class="wp-block-image"><a href="https://cdn.tgdd.vn/Products/Images/1943/284851/tu-lanh-aqua-inverter-456-lit-aqr-m525xa-fb-101022-052800.jpg"><img decoding="async" src="https://cdn.tgdd.vn/Products/Images/1943/284851/tu-lanh-aqua-inverter-456-lit-aqr-m525xa-fb-101022-052800.jpg" alt="Tủ lạnh Aqua Inverter 456 lít AQR-M525XA(FB) - Công nghệ làm lạnh" title="Tủ lạnh Aqua Inverter 456 lít AQR-M525XA(FB) - Công nghệ làm lạnh" /></a></figure>



<h3 class="wp-block-heading">Công nghệ kháng khuẩn khử mùi</h3>



<p><strong>Công nghệ khử mùi diệt khuẩn T.ABT</strong>&nbsp;sử dụng đá khoáng tự nhiên Tourmaline có khả năng diệt khuẩn, nhờ đó mà khử mùi hôi hiệu quả từ thực phẩm và duy trì được độ tươi ngon cũng như kéo dài thời gian bảo quản thực phẩm tốt hơn.</p>



<figure class="wp-block-image"><a href="https://cdn.tgdd.vn/Products/Images/1943/284851/tu-lanh-aqua-inverter-456-lit-aqr-m525xa-fb-101022-052758.jpg"><img decoding="async" src="https://cdn.tgdd.vn/Products/Images/1943/284851/tu-lanh-aqua-inverter-456-lit-aqr-m525xa-fb-101022-052758.jpg" alt="Tủ lạnh Aqua Inverter 456 lít AQR-M525XA(FB) - Công nghệ kháng khuẩn khử mùi" title="Tủ lạnh Aqua Inverter 456 lít AQR-M525XA(FB) - Công nghệ kháng khuẩn khử mùi" /></a></figure>



<h3 class="wp-block-heading">Bảng điều khiển</h3>



<p>Bảng điều khiển của&nbsp;<a href="https://www.dienmayxanh.com/tu-lanh-aqua-sanyo?g=tu-401-550-lit" target="_blank" rel="noreferrer noopener">tủ lạnh Aqua 456 lít</a>&nbsp;được thiết kế dạng cảm ứng, nằm ở phía ngoài cửa tủ giúp người dùng dễ dàng quan sát nhiệt độ và điều khiển chức năng nhanh chóng khi cần thiết.</p>



<figure class="wp-block-image"><a href="https://cdn.tgdd.vn/Products/Images/1943/284851/tu-lanh-aqua-inverter-456-lit-aqr-m525xa-fb-101022-052801.jpg"><img decoding="async" src="https://cdn.tgdd.vn/Products/Images/1943/284851/tu-lanh-aqua-inverter-456-lit-aqr-m525xa-fb-101022-052801.jpg" alt="Tủ lạnh Aqua Inverter 456 lít AQR-M525XA(FB) - Bảng điều khiển" title="Tủ lạnh Aqua Inverter 456 lít AQR-M525XA(FB) - Bảng điều khiển" /></a></figure>



<p><em>Nhìn chung, tủ lạnh Aqua Inverter 456 lít AQR-M525XA(FB) là mẫu tủ lạnh thích hợp cho gia đình từ 4 &#8211; 5 người có nhu cầu bảo quản và phân loại thực phẩm tối ưu. Hơn nữa, tủ lạnh cũng có khả năng tiết kiệm điện và trang bị đa dạng tính năng tiện lợi cho việc sử dụng và bảo quản thực phẩm.</em></p>
]]></content:encoded>
					
					<wfw:commentRss>/product/tu-lanh-aqua-inverter-456-lit-multi-door-aqr-m525xafb/feed/</wfw:commentRss>
			<slash:comments>0</slash:comments>
		
		
			</item>
	</channel>
</rss>
