<?xml version="1.0" encoding="UTF-8"?><rss version="2.0"
	xmlns:content="http://purl.org/rss/1.0/modules/content/"
	xmlns:wfw="http://wellformedweb.org/CommentAPI/"
	xmlns:dc="http://purl.org/dc/elements/1.1/"
	xmlns:atom="http://www.w3.org/2005/Atom"
	xmlns:sy="http://purl.org/rss/1.0/modules/syndication/"
	xmlns:slash="http://purl.org/rss/1.0/modules/slash/"
	
	xmlns:georss="http://www.georss.org/georss"
	xmlns:geo="http://www.w3.org/2003/01/geo/wgs84_pos#"
	>

<channel>
	<title>Lọc nước &#8211; Điện máy tốt</title>
	<atom:link href="http://localhost/Rent-House/product-category/loc-nuoc/feed/?simply_static_page=461" rel="self" type="application/rss+xml" />
	<link></link>
	<description></description>
	<lastBuildDate>Tue, 05 Dec 2023 03:58:17 +0000</lastBuildDate>
	<language>en-US</language>
	<sy:updatePeriod>
	hourly	</sy:updatePeriod>
	<sy:updateFrequency>
	1	</sy:updateFrequency>
	<generator>https://wordpress.org/?v=6.4.1</generator>
	<item>
		<title>Máy lọc nước RO không vỏ Kangaroo KG110 9 lõi</title>
		<link>/product/may-loc-nuoc-ro-khong-vo-kangaroo-kg110-9-loi/</link>
					<comments>/product/may-loc-nuoc-ro-khong-vo-kangaroo-kg110-9-loi/#respond</comments>
		
		<dc:creator><![CDATA[admin]]></dc:creator>
		<pubDate>Tue, 05 Dec 2023 03:54:46 +0000</pubDate>
				<guid isPermaLink="false">/?post_type=product#038;p=99</guid>

					<description><![CDATA[Từ ngày 17/7/2021 sản phẩm sẽ có sự thay đổi về thiết kế <br>- Sản phẩm có 1 số sự thay đổi về thiết kế như sau:  <br>+ Thay đổi chất liệu giá đỡ từ sắt sang nhựa. <br>+ Có thêm công tắc trợ lực. <br><strong>Lưu ý:</strong> Các thay đổi này chỉ thay đổi về mặt thiết kế, còn về nguyên lý hoạt động, dung tích bình chứa, chất lượng sản phẩm, vẫn không thay đổi. Khi khách hàng mua sản phẩm máy lọc nước RO không vỏ Kangaroo KG110 9 lõi tại Điện máy XANH sẽ được giao mẫu ngẫu nhiên.]]></description>
										<content:encoded><![CDATA[
<h3 class="wp-block-heading">Từ ngày 17/7/2021 sản phẩm sẽ có sự thay đổi về thiết kế&nbsp;</h3>



<p>&#8211; Sản phẩm có 1 số sự thay đổi về thiết kế như sau:&nbsp;&nbsp;</p>



<p>+ Thay đổi chất liệu giá đỡ từ sắt sang nhựa.&nbsp;</p>



<p>+ Có thêm công tắc trợ lực.&nbsp;</p>



<p><strong>Lưu ý:</strong>&nbsp;Các thay đổi này chỉ thay đổi về mặt thiết kế, còn về nguyên lý hoạt động, dung tích bình chứa, chất lượng sản phẩm, vẫn không thay đổi. Khi khách hàng mua sản phẩm máy lọc nước RO không vỏ Kangaroo KG110 9 lõi tại Điện máy XANH sẽ được giao mẫu ngẫu nhiên.&nbsp;</p>



<figure class="wp-block-image"><a href="https://cdn.tgdd.vn/Products/Images/3385/214497/may-loc-nuoc-ro-khong-vo-kangaroo-kg110-9-loi-kg-87.jpg"><img decoding="async" src="https://cdn.tgdd.vn/Products/Images/3385/214497/may-loc-nuoc-ro-khong-vo-kangaroo-kg110-9-loi-kg-87.jpg" alt="Thay đổi thiết kế - Máy lọc nước RO không vỏ Kangaroo KG110 9 lõi " title="Thay đổi thiết kế - Máy lọc nước RO không vỏ Kangaroo KG110 9 lõi " /></a></figure>



<h3 class="wp-block-heading"><a href="https://www.dienmayxanh.com/may-loc-nuoc-kangaroo" target="_blank" rel="noreferrer noopener">Máy lọc nước Kangaroo</a>&nbsp;thiết kế không vỏ có thể&nbsp;<a href="https://www.dienmayxanh.com/may-loc-nuoc?g=lap-am" target="_blank" rel="noreferrer noopener">lắp âm</a>&nbsp;gọn gàng trong tủ bếp, tiết kiệm không gian sử dụng</h3>



<figure class="wp-block-image"><a href="https://cdn.tgdd.vn/Products/Images/3385/214497/may-loc-nuoc-ro-khong-vo-kangaroo-kg110-9-loi-kg-11.jpg"><img decoding="async" src="https://cdn.tgdd.vn/Products/Images/3385/214497/may-loc-nuoc-ro-khong-vo-kangaroo-kg110-9-loi-kg-11.jpg" alt="Thiết kế không vỏ gọn gàng - Máy lọc nước RO không vỏ Kangaroo KG110 9 lõi" title="Thiết kế không vỏ gọn gàng - Máy lọc nước RO không vỏ Kangaroo KG110 9 lõi" /></a></figure>



<h3 class="wp-block-heading"><a href="https://www.dienmayxanh.com/may-loc-nuoc" target="_blank" rel="noreferrer noopener">Máy lọc nước</a>&nbsp;công nghệ RO với hệ&nbsp;<a href="https://www.dienmayxanh.com/may-loc-nuoc-9-11-loi" target="_blank" rel="noreferrer noopener">9 lõi lọc</a>&nbsp;cho nước sử dụng sạch an toàn, có lợi hơn cho sức khỏe</h3>



<p><strong>&#8211; Lõi số 1 – Lõi PP 5 micron</strong><strong>&nbsp;</strong>loại bỏ cặn bẩn, rỉ sét kích thước &gt; 5 micron.</p>



<p><strong>&#8211; Lõi số 2 – Lõi than hoạt tính&nbsp;</strong>hấp thụ mùi, chất hữu cơ, thuốc trừ sâu, Clo có trong nước.</p>



<p><strong>&#8211; Lõi số 3 – Lõi PP 1 micron</strong>&nbsp;loại bỏ tạp chất, vi khuẩn còn sót lại kích thước &gt; 1 micron.</p>



<p><strong>&#8211; Lõi số 4 – Màng RO GPD Hàn Quốc</strong>&nbsp;loại bỏ hoàn toàn chất rắn, khí trong nước, ion kim loại nặng, vi khuẩn, vi sinh vật, các chất hữu cơ, cho nước đầu ra tinh khiết mà không thay đổi tính lý – hóa của nước, giảm đến 30% lượng nước thải so với màng RO thông thường.</p>



<p><strong>&#8211; Lõi số 5 – Lõi ORP (Hydrogen)</strong>&nbsp;tạo điện giải cho nước giúp cơ thể thải độc.</p>



<p><strong>&#8211; Lõi số 6 – Lõi Alkaline&nbsp;</strong>trung hòa axit dư thừa, tạo nước kiềm tính và bổ sung ion canxi tăng cường sức khỏe.</p>



<p><strong>&#8211; Lõi số 7 – Lõi Maifan</strong>&nbsp;bổ sung khoáng chất từ thiên nhiên cho nước, tăng cường sức đề kháng cho cơ thể.</p>



<p><strong>&#8211; Lõi số 8 – Lõi 5 in 1&nbsp;</strong>lõi khoáng đặc biệt tạo ion âm bổ sung cho nước, giúp nước dễ hấp thụ hơn trong cơ thể.</p>



<p><strong>&#8211; Lõi số 9 – Lõi Nano Silver (Nano Bạc)&nbsp;</strong>sử dụng ion Ag+ để thâm nhập vào các tế bào vi sinh vật, có thể diệt tới 99.99% vi khuẩn trong nước và khử mùi cho nước.</p>



<figure class="wp-block-image"><a href="https://cdn.tgdd.vn/Products/Images/3385/214497/may-loc-nuoc-ro-khong-vo-kangaroo-kg110-9-loi-kg-12.jpg"><img decoding="async" src="https://cdn.tgdd.vn/Products/Images/3385/214497/may-loc-nuoc-ro-khong-vo-kangaroo-kg110-9-loi-kg-12.jpg" alt="Máy lọc RO 9 lõi - Máy lọc nước RO không vỏ Kangaroo KG110 9 lõi" title="Máy lọc RO 9 lõi - Máy lọc nước RO không vỏ Kangaroo KG110 9 lõi" /></a></figure>



<h3 class="wp-block-heading">Với công suất lọc 10 &#8211; 20 lít giờ, dung tích bình chứa 8 lít sử dụng thoải mái cho nhu cầu gia đình, các khu công cộng</h3>



<p>Máy lọc nước uống trực tiếp nên bạn có thể uống nước được ngay sau khi lọc mà không cần đun sôi lại nước rất tiện lợi và an toàn.</p>



<p>Lưu ý,&nbsp;từ năm 2019&nbsp;trở đi, hãng Kangaroo chỉ sử dụng bình chứa nước bằng nhựa có tích hợp van xả cho tất cả sản phẩm máy lọc nước bao gồm&nbsp;máy&nbsp;lọc nước RO không vỏ Kangaroo KG110 9 lõi.</p>



<figure class="wp-block-image"><a href="https://cdn.tgdd.vn/Products/Images/3385/214497/may-loc-nuoc-ro-khong-vo-kangaroo-kg110-9-loi-kg-13.jpg"><img decoding="async" src="https://cdn.tgdd.vn/Products/Images/3385/214497/may-loc-nuoc-ro-khong-vo-kangaroo-kg110-9-loi-kg-13.jpg" alt="Bình chứa nước - Máy lọc nước RO không vỏ Kangaroo KG110 9 lõi" title="Bình chứa nước - Máy lọc nước RO không vỏ Kangaroo KG110 9 lõi" /></a></figure>



<h3 class="wp-block-heading">Máy có tỷ lệ lọc &#8211; thải là 3/7 thu hồi 30% nước tinh khiết</h3>



<p>Trong điều kiện tiêu chuẩn, với 10 lít nước đưa vào máy sẽ lọc được 3 lít nước tinh khiết để uống và 7 lít được thải ra ngoài.</p>



<p>Lượng nước thải ra, bạn có thể tái sử dụng cho hoạt động sinh hoạt, vệ sinh khác của gia đình như giặt đồ, lau dọn nhà cửa, nhà vệ sinh hay tưới cây…</p>



<figure class="wp-block-image"><a href="https://cdn.tgdd.vn/Products/Images/3385/214497/may-loc-nuoc-ro-khong-vo-kangaroo-kg110-9-loi-kg-141021-101611.jpg"><img decoding="async" src="https://cdn.tgdd.vn/Products/Images/3385/214497/may-loc-nuoc-ro-khong-vo-kangaroo-kg110-9-loi-kg-141021-101611.jpg" alt="Máy lọc nước RO không vỏ Kangaroo KG110 9 lõi - Tỉ lệ lọc 3 - thải 7" title="Máy lọc nước RO không vỏ Kangaroo KG110 9 lõi - Tỉ lệ lọc 3 - thải 7" /></a></figure>



<h3 class="wp-block-heading">Chứng nhận nước sạch của Bộ Y tế</h3>



<p>Nước sau khi lọc đạt tiêu chuẩn nước uống trực tiếp không cần đun sôi QCVN 6-1:2010/BYT.</p>



<figure class="wp-block-image"><a href="https://cdn.tgdd.vn/Products/Images/3385/214497/may-loc-nuoc-ro-khong-vo-kangaroo-kg110-9-loi-kg-200821-0326472.jpg"><img decoding="async" src="https://cdn.tgdd.vn/Products/Images/3385/214497/may-loc-nuoc-ro-khong-vo-kangaroo-kg110-9-loi-kg-200821-0326472.jpg" alt="Máy lọc nước RO không vỏ Kangaroo KG110 9 lõi - Nước sạch" title="Máy lọc nước RO không vỏ Kangaroo KG110 9 lõi - Nước sạch" /></a></figure>



<h3 class="wp-block-heading">Thời gian thay thế lõi lọc tùy thuộc vào nguồn nước nơi bạn đang sử dụng</h3>



<p>Tiêu chuẩn thời gian thay lõi lọc bên dưới được đo với nguồn nước máy &#8211; nước thuỷ cục.</p>



<p>&#8211; Lõi số 1&nbsp;&#8211; PP 5 micron thay thế lõi sau 3 &#8211; 6 tháng sử dụng.</p>



<p>&#8211; Lõi số 2 &#8211; Than hoạt tính thay thế lõi sau 6 &#8211; 9 tháng sử dụng.</p>



<p>&#8211; Lõi số 3&nbsp;&#8211; PP 1 micron&nbsp;thay thế lõi sau 9 &#8211; 12 tháng sử dụng.</p>



<p>&#8211; Lõi số 4 &#8211; Màng RO thay thế lõi sau 24 &#8211; 36 tháng sử dụng.</p>



<p>&#8211; Lõi số 5 &#8211; ORP,&nbsp;Lõi số 6 &#8211; Lõi Alkaline,&nbsp;Lõi số 7 &#8211; Maifan,&nbsp;Lõi số 8 &#8211; 5 in 1,&nbsp;Lỗi số 9 &#8211; Nano Silver&nbsp;thay thế lõi sau 12 &#8211; 18 tháng sử dụng.</p>



<p>Lõi số 1, số 2, số 3 của Máy lọc nước RO không vỏ Kangaroo KG110 9 lõi có thể sử dụng của hãng khác thay thế được. Tuy nhiên, nhằm tránh sự cố lắp đặt bị rò rỉ và không thỏa điều kiện bảo hành của hãng, Điện máy XANH khuyến cáo khi cần thay lõi, sử dụng đúng lõi lọc nước của hãng Kangaroo.</p>



<p>Bạn có thể liên hệ tổng đài miễn phí&nbsp;<strong>Điện máy XANH 1800 1061</strong>&nbsp;hoặc tổng đài hãng&nbsp;<strong>Kangaroo 1900 55 55 66</strong>&nbsp;khi cần tư vấn hoặc thay lõi lọc.</p>



<p>Xem thêm:&nbsp;<a href="https://www.dienmayxanh.com/kinh-nghiem-hay/tai-sao-can-phai-thay-loi-loc-nuoc-dinh-ki-1084541" target="_blank" rel="noreferrer noopener">Tại sao cần phải thay thế lõi lọc định kỳ?</a></p>



<p><strong>Lưu ý:&nbsp;</strong></p>



<p>Máy chỉ lọc được nước thủy cục (nước máy), nước giếng khoan có chỉ số TDS dưới 500 ppm.</p>



<p>Đối với nguồn nước ở vùng quê có nhiễm phèn chua, canxi (không sử dụng nguồn nước thủy cục) có chỉ số TDS từ 500 &#8211; 800 ppm thì&nbsp;người dùng có thể lắp bộ&nbsp;<a href="https://www.dienmayxanh.com/coc-loc-nuoc" target="_blank" rel="noreferrer noopener">cốc lọc</a>&nbsp;đầu nguồn qua máy lọc nước gia đình để loại bỏ bớt 1 số chất rắn, màng bẩn trước khi cho nước vào máy lọc.</p>



<p>Tham khảo cốc lọc đầu nguồn tại Điện máy XANH:</p>



<ul>
<li><a href="https://www.dienmayxanh.com/coc-loc-nuoc/bo-coc-loc-dau-nguon-kangaroo-kg01g3">GIÁ RẺ QUÁBộ cốc lọc đầu nguồn Kangaroo KG01G3Lắp đặt miễn phí1.750.000₫-26%<strong>1.290.000₫</strong>&nbsp;&nbsp;&nbsp;&nbsp;42</a><a href="https://www.dienmayxanh.com/may-loc-nuoc/may-loc-nuoc-ro-khong-vo-kangaroo-kg110-9-loi-kg#"></a></li>



<li><a href="https://www.dienmayxanh.com/coc-loc-nuoc/coc-loc-dau-nguon-kangaroo-kg02g3">GIÁ RẺ QUÁCốc lọc đầu nguồn Kangaroo KG02G3Lắp đặt miễn phí910.000₫-28%<strong>650.000₫</strong>&nbsp;&nbsp;&nbsp;&nbsp;24</a><a href="https://www.dienmayxanh.com/may-loc-nuoc/may-loc-nuoc-ro-khong-vo-kangaroo-kg110-9-loi-kg#"></a></li>
</ul>



<p>Xem thêm:&nbsp;<a href="https://www.dienmayxanh.com/kinh-nghiem-hay/chi-so-tds-tren-may-loc-nuoc-la-gi-1120871" target="_blank" rel="noreferrer noopener">Hiểu về chỉ số TDS và cách kiểm tra chỉ số TDS nguồn nước ở gia đình</a>.</p>



<p>Tham khảo bút thử nước kinh doanh Điện máy XANH:</p>



<ul>
<li><a href="https://www.dienmayxanh.com/but-thu-nuoc/but-thu-nuoc-delites-wb-2">Bút thử nước WB-2Chỉ bán online<strong>120.000₫</strong>&nbsp;&nbsp;&nbsp;&nbsp;80</a><a href="https://www.dienmayxanh.com/may-loc-nuoc/may-loc-nuoc-ro-khong-vo-kangaroo-kg110-9-loi-kg#"></a></li>
</ul>



<h3 class="wp-block-heading">Sản phẩm đi kèm vòi nước inox chất lượng cao, bền tốt, đảm bảo vệ sinh cho nguồn nước lấy ra sử dụng</h3>



<figure class="wp-block-image"><a href="https://cdn.tgdd.vn/Products/Images/3385/214497/may-loc-nuoc-ro-khong-vo-kangaroo-kg110-9-loi-kg-14.jpg"><img decoding="async" src="https://cdn.tgdd.vn/Products/Images/3385/214497/may-loc-nuoc-ro-khong-vo-kangaroo-kg110-9-loi-kg-14.jpg" alt="Kèm vòi inox - Máy lọc nước RO không vỏ Kangaroo KG110 9 lõi" title="Kèm vòi inox - Máy lọc nước RO không vỏ Kangaroo KG110 9 lõi" /></a></figure>



<p><strong>Lưu ý khi lắp đặt và sử dụng máy lọc nước:</strong></p>



<p>&#8211; Máy lọc nước tại vòi nên cần chọn vị trí gần nguồn dẫn nước vào, ổ cắm điện và thuận tiện với đường nước xả.</p>



<p>&#8211; Tránh các vị trí ánh nắng chiếu rọi trực tiếp, nơi có nhiệt độ cao như bếp nấu&#8230;</p>



<p>&#8211; Nên định kỳ thay các lõi lọc tới hạn để đảm bảo chất lượng và tính an toàn của nguồn nước sử dụng trực tiếp.</p>



<p><strong><a href="https://www.dienmayxanh.com/kinh-nghiem-hay/nhung-loi-ich-tuyet-voi-may-loc-nuoc-mang-lai-cho-1360179" target="_blank" rel="noreferrer noopener">Lý do nên sử dụng máy lọc nước</a>&nbsp;trong gia đình:</strong></p>



<p><em><strong>1. Bảo vệ người dùng khỏi những bệnh liên quan đến nguồn nước:&nbsp;</strong></em></p>



<p>&#8211; Bệnh tả, kiết lỵ, viêm gan A, giun sán,&#8230; do các vi sinh vật trong nước gây ra.</p>



<p>&#8211; Bệnh bướu cổ, ung thư, viêm da, sẩy thai, nguy cơ dị tật ở thai nhi,&#8230; khi uống phải nguồn nước nhiễm hóa chất, kim loại nặng, chất phóng xạ.&nbsp;</p>



<p><em><strong>2. Tiện lợi và tiết kiệm chi phí sinh hoạt:&nbsp;</strong></em>thay vì sử dụng nước đóng chai hay nước đun sôi lại, nguồn nước sạch được lọc, làm nóng trực tiếp (nếu có) từ máy sẽ an toàn, nhanh chóng và tiện lợi hơn. Nước sau lọc có thể uống trực tiếp tại vòi, không cần đun sôi.</p>



<p><a href="https://www.dienmayxanh.com/may-loc-nuoc/may-loc-nuoc-ro-khong-vo-kangaroo-kg110-9-loi-kg" target="_blank" rel="noreferrer noopener">Máy lọc nước RO không vỏ Kangaroo KG110 9 lõi&nbsp;</a>cho gia đình nguồn nước sạch an toàn, tốt cho sức khỏe, đơn giản sử dụng, độ bền cao, đáng đầu tư chọn dùng.</p>



<p><strong>Xem thêm: Hướng dẫn minh họa cách thay lõi lọc tại nhà với máy lọc nước Kangaroo.</strong></p>



<figure class="wp-block-embed is-type-rich is-provider-embed-handler wp-block-embed-embed-handler"><div class="wp-block-embed__wrapper">
https://youtube.com/watch?v=CqrCrSDggtU%3Frel%3D0
</div></figure>
]]></content:encoded>
					
					<wfw:commentRss>/product/may-loc-nuoc-ro-khong-vo-kangaroo-kg110-9-loi/feed/</wfw:commentRss>
			<slash:comments>0</slash:comments>
		
		
			</item>
		<item>
		<title>Máy lọc nước R.O Hydrogen Kangaroo VTU KG100HA 9 lõi</title>
		<link>/product/may-loc-nuoc-r-o-hydrogen-kangaroo-vtu-kg100ha-9-loi/</link>
					<comments>/product/may-loc-nuoc-r-o-hydrogen-kangaroo-vtu-kg100ha-9-loi/#respond</comments>
		
		<dc:creator><![CDATA[admin]]></dc:creator>
		<pubDate>Tue, 05 Dec 2023 03:49:23 +0000</pubDate>
				<guid isPermaLink="false">/?post_type=product#038;p=95</guid>

					<description><![CDATA[Từ ngày 17/7/2021 sản phẩm sẽ có sự thay đổi về thiết kế <br>- Sản phẩm có 1 số sự thay đổi về thiết kế như sau:  <br>+ Thay đổi chất liệu giá đỡ từ sắt sang nhựa. <br>+ Có thêm công tắc trợ lực.<br><strong>Lưu ý: </strong>Các thay đổi này chỉ thay đổi về mặt thiết kế, còn về nguyên lý hoạt động, dung tích bình chứa, chất lượng sản phẩm, vẫn không thay đổi. Khi khách hàng mua sản phẩm máy lọc nước R.O Hydrogen Kangaroo VTU KG100HA 9 lõi tại Điện máy XANH sẽ được giao mẫu ngẫu nhiên.]]></description>
										<content:encoded><![CDATA[
<h3 class="wp-block-heading">Từ ngày 17/7/2021 sản phẩm sẽ có sự thay đổi về thiết kế&nbsp;</h3>



<p>&#8211; Sản phẩm có 1 số sự thay đổi về thiết kế như sau:&nbsp;&nbsp;</p>



<p>+ Thay đổi chất liệu giá đỡ từ sắt sang nhựa.&nbsp;</p>



<p>+ Có thêm công tắc trợ lực.</p>



<p><strong>Lưu ý:&nbsp;</strong>Các thay đổi này chỉ thay đổi về mặt thiết kế, còn về nguyên lý hoạt động, dung tích bình chứa, chất lượng sản phẩm, vẫn không thay đổi. Khi khách hàng mua sản phẩm máy lọc nước R.O Hydrogen Kangaroo VTU KG100HA 9 lõi tại Điện máy XANH sẽ được giao mẫu ngẫu nhiên.</p>



<figure class="wp-block-image"><a href="https://cdn.tgdd.vn/Products/Images/3385/109835/hydrogen-kangaroo-vtu-kg100ha-230522-093149.jpg"><img decoding="async" src="https://cdn.tgdd.vn/Products/Images/3385/109835/hydrogen-kangaroo-vtu-kg100ha-230522-093149.jpg" alt="Thay đổi thiết kế - Máy lọc nước R.O Hydrogen Kangaroo VTU KG100HA 9 lõi" title="Thay đổi thiết kế - Máy lọc nước R.O Hydrogen Kangaroo VTU KG100HA 9 lõi" /></a></figure>



<h3 class="wp-block-heading"><a href="https://www.dienmayxanh.com/may-loc-nuoc-kangaroo" target="_blank" rel="noreferrer noopener">Máy lọc nước Kangaroo</a>&nbsp;thiết kế gọn đẹp, sử dụng công nghệ màng lọc RO lọc nước hiệu quả</h3>



<p>Công nghệ lọc RO tiên tiến, tăng tốc độ xoáy và diện tích bề mặt nguồn nước. Giúp giảm đóng cặn, nâng cao hiệu suất lọc nước và tiết kiệm khoảng 75% lượng nước thải, cho nguồn nước sau lọc đạt chất lượng.</p>



<p>Sản phẩm lọc nước thích hợp dùng trong gia đình, văn phòng, công ty, nhà hàng…</p>



<figure class="wp-block-image"><a href="https://cdn.tgdd.vn/Products/Images/3385/109835/may-loc-nuoc-hydrogen-kangaroo-vtu-kg100ha-10.jpg"><img decoding="async" src="https://cdn.tgdd.vn/Products/Images/3385/109835/may-loc-nuoc-hydrogen-kangaroo-vtu-kg100ha-10.jpg" alt="Thiết kế Máy lọc nước RO Kangaroo VTU KG100HA 9 lõi" title="Thiết kế Máy lọc nước RO Kangaroo VTU KG100HA 9 lõi" /></a></figure>



<h3 class="wp-block-heading">Chứng nhận nước sạch của Bộ Y tế</h3>



<p>Nước sau khi lọc đạt tiêu chuẩn nước uống trực tiếp không cần đun sôi QCVN 6-1:2010/BYT.</p>



<figure class="wp-block-image"><a href="https://cdn.tgdd.vn/Products/Images/3385/109835/hydrogen-kangaroo-vtu-kg100ha-200821-0240562.jpg"><img decoding="async" src="https://cdn.tgdd.vn/Products/Images/3385/109835/hydrogen-kangaroo-vtu-kg100ha-200821-0240562.jpg" alt="Máy lọc nước R.O Hydrogen Kangaroo VTU KG100HA 9 lõi - Nước sạch" title="Máy lọc nước R.O Hydrogen Kangaroo VTU KG100HA 9 lõi - Nước sạch" /></a></figure>



<h3 class="wp-block-heading">Tạo nguồn nước đầy đủ khoáng chất và&nbsp;<a href="https://www.dienmayxanh.com/may-loc-nuoc?g=giau-hydrogen-chong-oxy-hoa" target="_blank" rel="noreferrer noopener">giàu Hydrogen</a>&nbsp;tự nhiên, tốt cho sức khỏe</h3>



<p>Cung cấp Hydrogen chống gây lão hóa, bổ sung khoáng chất tự nhiên Ca2+, Fe2+, Na+… Giúp cải thiện tình trạng gout, bệnh tiểu đường, tăng cường tuần hoàn máu, thanh lọc cơ thể và giảm thiểu căng thẳng mệt mỏi&#8230;</p>



<p>Xem thêm:&nbsp;<a href="https://www.dienmayxanh.com/kinh-nghiem-hay/may-loc-nuoc-hydrogen-la-gi-1013289" target="_blank" rel="noreferrer noopener">Nước Hydrogen là gì? Giải đáp những câu hỏi về máy lọc nước Hydrogen.</a></p>



<figure class="wp-block-image"><a href="https://cdn.tgdd.vn/Products/Images/3385/109835/hydrogen-kangaroo-vtu-kg100ha-280322-052326.jpg"><img decoding="async" src="https://cdn.tgdd.vn/Products/Images/3385/109835/hydrogen-kangaroo-vtu-kg100ha-280322-052326.jpg" alt="Tính năng cung cấp Hydrogen - Máy lọc nước RO Kangaroo VTU KG100HA 9 lõi" title="Tính năng cung cấp Hydrogen - Máy lọc nước RO Kangaroo VTU KG100HA 9 lõi" /></a></figure>



<h3 class="wp-block-heading">Công suất lọc nước đạt 20 lít/h luôn có nước sạch cho bạn sử dụng mọi lúc</h3>



<figure class="wp-block-image"><a href="https://cdn.tgdd.vn/Products/Images/3385/109835/may-loc-nuoc-hydrogen-kangaroo-vtu-kg100ha-6.jpg"><img decoding="async" src="https://cdn.tgdd.vn/Products/Images/3385/109835/may-loc-nuoc-hydrogen-kangaroo-vtu-kg100ha-6.jpg" alt="Công suất lọc Máy lọc nước RO Kangaroo VTU KG100HA 9 lõi" title="Công suất lọc Máy lọc nước RO Kangaroo VTU KG100HA 9 lõi" /></a></figure>



<h3 class="wp-block-heading">Máy có tỷ lệ lọc &#8211; thải là 38/62 thu hồi 38% nước tinh khiết</h3>



<p>Trong điều kiện tiêu chuẩn, với 10 lít nước đưa vào&nbsp;<a href="https://www.dienmayxanh.com/may-loc-nuoc" target="_blank" rel="noreferrer noopener">máy lọc nước</a>&nbsp;Kangaroo này sẽ lọc được 3.8 lít nước tinh khiết để uống và 6.2 lít được thải ra ngoài.</p>



<p>Lượng nước thải ra, bạn có thể tái sử dụng cho hoạt động sinh hoạt, vệ sinh khác của gia đình như giặt đồ, lau dọn nhà cửa, nhà vệ sinh hay tưới cây…</p>



<figure class="wp-block-image"><a href="https://cdn.tgdd.vn/Products/Images/3385/109835/hydrogen-kangaroo-vtu-kg100ha-084621-024648.jpg"><img decoding="async" src="https://cdn.tgdd.vn/Products/Images/3385/109835/hydrogen-kangaroo-vtu-kg100ha-084621-024648.jpg" alt="Máy có tỷ lệ lọc - thải là 38/62 - Máy lọc nước R.O Hydrogen Kangaroo VTU KG100HA 9 lõi" title="Máy có tỷ lệ lọc - thải là 38/62 - Máy lọc nước R.O Hydrogen Kangaroo VTU KG100HA 9 lõi" /></a></figure>



<h3 class="wp-block-heading">9 lõi lọc nước hiện đại, cung cấp nước sạch, không tạp chất, thêm nhiều khoáng chất, độ ngọt tự nhiên</h3>



<p>&#8211; Lõi PP 5 micron: Loại bỏ tạp chất, cặn bẩn kích thước &gt; 5 micron có trong nước, tăng thời gian sử dụng cho các lõi kế tiếp.</p>



<p>&#8211; Lõi Than hoạt tính: Loại bỏ Clo, Clorine, hấp thụ chất hữu cơ dư thừa, các chất khí gây mùi trong nước, kim loại nặng, thuốc trừ sâu, chất gây mùi và các chất oxy hóa gây hỏng màng RO.</p>



<p>&#8211; Lõi PP 1 micron: Loại bỏ tạp chất, cặn bẩn kích thước &gt; 1 micron có trong nước (bùn đất, sạn cát), rong rêu, bảo vệ màng R.O.</p>



<p>&#8211; Màng lọc RO 100 GPD: Lọc sạch ở cấp độ phân tử các ion kim loại nặng, amoni, asen, các chất hữu cơ, vi khuẩn, virus…</p>



<p>&#8211; Lõi FIR+: Giúp nước đi qua lõi lọc được hoạt hóa, chia nhỏ các nhóm phân tử nước giúp cơ thể dễ dàng hấp thu hơn.</p>



<p>&#8211; Lõi OrpH+: Tạo ra nước có pH và điện giải phù hợp trở thành nước uống lý tưởng cho cơ thể giúp ngăn chặn lão hóa, giải độc cơ thể, tăng cường miễn dịch, ngăn ngừa các bệnh mãn tính và hỗ trợ trong việc giảm mỡ máu.</p>



<p>&#8211; Lõi HypH+: Tạo nguồn nước kiềm Hydrogen ở dạng hoạt hóa có công dụng trung hòa và hấp thu các gốc tự do (nguyên nhân gây sự hóa già, lão suy, Alzheimer, tăng huyết áp vô căn, đái tháo đường, bệnh xơ vữa động mạch, ung thư) vì vậy hỗ trợ giữ gìn sức khỏe, đồng thời tăng cường thể lực, tốt cho hệ tiêu hóa.</p>



<p>&#8211; Lõi Mineral+: Bổ sung Canxi, Magie, Natri, Kali và những khoáng chất khác, các chất điện giải có ích cần thiết cho cơ thể con người. Nâng cao pH, giúp trung hòa axit dư làm cơ thể khỏe hơn.</p>



<p>&#8211; Lõi Nano Carbon+: Diệt khuẩn, khử mùi, tạo vị ngọt tự nhiên cho nước.</p>



<figure class="wp-block-image"><a href="https://cdn.tgdd.vn/Products/Images/3385/109835/may-loc-nuoc-hydrogen-kangaroo-vtu-kg100ha-7.jpg"><img decoding="async" src="https://cdn.tgdd.vn/Products/Images/3385/109835/may-loc-nuoc-hydrogen-kangaroo-vtu-kg100ha-7.jpg" alt="Lõi RO Máy lọc nước RO Kangaroo VTU KG100HA 9 lõi" title="Lõi RO Máy lọc nước RO Kangaroo VTU KG100HA 9 lõi" /></a></figure>



<p>Bình chứa dung tích 8 lít được làm bằng nhựa cao cấp, độ bền cao giúp đảm bảo lượng nước sau khi lọc vẫn giữ được độ tinh khiết và ngăn chặn vi khuẩn xâm nhập.</p>



<p>Lưu ý,&nbsp;<strong>từ năm 2019</strong>&nbsp;trở đi, hãng Kangaroo chỉ sử dụng bình chứa nước bằng nhựa có tích hợp van xả cho tất cả sản phẩm máy lọc nước bao gồm&nbsp;máy&nbsp;lọc nước RO Kangaroo VTU KG100HA.</p>



<h3 class="wp-block-heading">Thời gian thay thế các&nbsp;<a href="https://www.dienmayxanh.com/loi-may-loc-nuoc" target="_blank" rel="noreferrer noopener">lõi lọc</a>&nbsp;</h3>



<p>Thời gian thay lõi lọc nhanh hay chậm phụ thuộc vào nguồn nước vào mà bạn đang dùng. Chuẩn thời gian bên dưới đang được đo với nguồn nước máy (nước thuỷ cục):</p>



<p>&#8211; Lõi PP 5 micron thay lõi sau 3 &#8211; 6 tháng sử dụng.</p>



<p>&#8211; Lõi Than hoạt tính thay lõi sau 6 &#8211; 9 tháng sử dụng.</p>



<p>&#8211; Lõi PP 1 micron&nbsp;thay lõi sau 9 &#8211; 12 tháng sử dụng.</p>



<p>&#8211; Lõi Màng RO thay lõi sau 24 &#8211; 36 tháng sử dụng.</p>



<p>&#8211; Lõi FIR +, OrpH+, HypH+,&nbsp;Mineral+,&nbsp;Nano Carbon+ thay lõi sau 12 -18 tháng sử dụng.</p>



<p>Lõi số 1, số 2, số 3 của máy lọc nước RO Kangaroo VTU KG100HA 9 lõi có thể sử dụng của hãng khác thay thế được. Tuy nhiên, nhằm tránh sự cố lắp đặt bị rò rỉ và không thỏa điều kiện bảo hành của hãng, Điện máy XANH khuyến cáo khi cần thay cần lõi, sử dụng đúng lõi lọc nước của hãng Kangaroo.</p>



<p>Bạn có thể liên hệ tổng đài miễn phí&nbsp;<strong>Điện máy XANH 1800 1061</strong>&nbsp;hoặc tổng đài hãng&nbsp;<strong>Kangaroo 1900 55 55 66</strong>&nbsp;khi cần tư vấn hoặc thay lõi lọc.</p>



<p>Xem thêm:&nbsp;<a href="https://www.dienmayxanh.com/kinh-nghiem-hay/tai-sao-can-phai-thay-loi-loc-nuoc-dinh-ki-1084541" target="_blank" rel="noreferrer noopener">Tại sao cần phải thay lõi lọc nước định kì?</a></p>



<p><strong>Lưu ý:&nbsp;</strong></p>



<p>Máy chỉ lọc được nước thủy cục (nước máy), nước giếng khoan có chỉ số TDS dưới 500 ppm.</p>



<p>Đối với nguồn nước ở vùng quê có nhiễm phèn chua, canxi (không sử dụng nguồn nước thủy cục) có chỉ số TDS từ 500 &#8211; 800 ppm thì&nbsp;người dùng có thể lắp bộ&nbsp;<a href="https://www.dienmayxanh.com/coc-loc-nuoc" target="_blank" rel="noreferrer noopener">cốc lọc</a>&nbsp;đầu nguồn qua máy lọc nước gia đình để loại bỏ bớt 1 số chất rắn, màng bẩn trước khi cho nước vào máy lọc.</p>



<p>Tham khảo cốc lọc đầu nguồn tại Điện máy XANH:</p>



<ul>
<li><a href="https://www.dienmayxanh.com/coc-loc-nuoc/bo-coc-loc-dau-nguon-kangaroo-kg01g3">GIÁ RẺ QUÁBộ cốc lọc đầu nguồn Kangaroo KG01G3Lắp đặt miễn phí1.750.000₫-26%<strong>1.290.000₫</strong>&nbsp;&nbsp;&nbsp;&nbsp;42</a><a href="https://www.dienmayxanh.com/may-loc-nuoc/hydrogen-kangaroo-vtu-kg100ha#"></a></li>



<li><a href="https://www.dienmayxanh.com/coc-loc-nuoc/coc-loc-dau-nguon-kangaroo-kg02g3">GIÁ RẺ QUÁCốc lọc đầu nguồn Kangaroo KG02G3Lắp đặt miễn phí910.000₫-28%<strong>650.000₫</strong>&nbsp;&nbsp;&nbsp;&nbsp;24</a><a href="https://www.dienmayxanh.com/may-loc-nuoc/hydrogen-kangaroo-vtu-kg100ha#"></a></li>
</ul>



<p>Xem thêm:&nbsp;<a href="https://www.dienmayxanh.com/kinh-nghiem-hay/chi-so-tds-tren-may-loc-nuoc-la-gi-1120871" target="_blank" rel="noreferrer noopener">Hiểu về chỉ số TDS và cách kiểm tra chỉ số TDS nguồn nước ở gia đình</a>.</p>



<p>Tham khảo bút thử nước kinh doanh Điện máy XANH:</p>



<ul>
<li><a href="https://www.dienmayxanh.com/but-thu-nuoc/but-thu-nuoc-delites-wb-2">Bút thử nước WB-2Chỉ bán online<strong>120.000₫</strong>&nbsp;&nbsp;&nbsp;&nbsp;80</a><a href="https://www.dienmayxanh.com/may-loc-nuoc/hydrogen-kangaroo-vtu-kg100ha#"></a></li>
</ul>



<h3 class="wp-block-heading">Vòi lấy nước thép không gỉ sáng bóng, an toàn và dễ vệ sinh. Lấy nước tiện lợi bằng cách sử dụng cần gạt</h3>



<figure class="wp-block-image"><a href="https://cdn.tgdd.vn/Products/Images/3385/109835/may-loc-nuoc-hydrogen-kangaroo-vtu-kg100ha-14.jpg"><img decoding="async" src="https://cdn.tgdd.vn/Products/Images/3385/109835/may-loc-nuoc-hydrogen-kangaroo-vtu-kg100ha-14.jpg" alt="Máy lọc nước Hydrogen Kangaroo VTU - KG100HA 9 lõi" title="Máy lọc nước Hydrogen Kangaroo VTU - KG100HA 9 lõi" /></a></figure>



<p><strong>Lưu ý khi lắp đặt máy lọc nước tại vòi:</strong></p>



<p>&#8211; Cần chọn vị trí gần nguồn dẫn nước vào, ổ cắm điện và thuận tiện với đường nước xả.</p>



<p>&#8211; Tránh các vị trí ánh nắng chiếu rọi trực tiếp, nơi có nhiệt độ cao như bếp nấu&#8230;</p>



<p>&#8211; Máy lọc nước có thể hoạt động với mọi nguồn nước kể cả nguồn nước được lắp âm sâu từ 2 &#8211; 3 m.</p>



<p><strong><a href="https://www.dienmayxanh.com/kinh-nghiem-hay/nhung-loi-ich-tuyet-voi-may-loc-nuoc-mang-lai-cho-1360179" target="_blank" rel="noreferrer noopener">Lý do nên sử dụng máy lọc nước</a>&nbsp;trong gia đình:</strong></p>



<p><em><strong>1. Bảo vệ người dùng khỏi những bệnh liên quan đến nguồn nước:&nbsp;</strong></em></p>



<p>&#8211; Bệnh tả, kiết lỵ, viêm gan A, giun sán,&#8230; do các vi sinh vật trong nước gây ra.</p>



<p>&#8211; Bệnh bướu cổ, ung thư, viêm da, sẩy thai, nguy cơ dị tật ở thai nhi,&#8230; khi uống phải nguồn nước nhiễm hóa chất, kim loại nặng, chất phóng xạ.&nbsp;</p>



<p><em><strong>2. Tiện lợi và tiết kiệm chi phí sinh hoạt:&nbsp;</strong></em>thay vì sử dụng nước đóng chai hay nước đun sôi lại, nguồn nước sạch được lọc, làm nóng trực tiếp (nếu có) từ máy sẽ an toàn, nhanh chóng và tiện lợi hơn. Nước sau lọc có thể uống trực tiếp tại vòi, không cần đun sôi.</p>



<p><a href="https://www.dienmayxanh.com/may-loc-nuoc/hydrogen-kangaroo-vtu-kg100ha" target="_blank" rel="noreferrer noopener">Máy lọc nước Hydrogen Kangaroo VTU KG100HA 9 lõi</a>&nbsp;cung cấp đủ nước sạch cho mọi gia đình sử dụng, giá tốt, dễ sử dụng, chọn mua.</p>
]]></content:encoded>
					
					<wfw:commentRss>/product/may-loc-nuoc-r-o-hydrogen-kangaroo-vtu-kg100ha-9-loi/feed/</wfw:commentRss>
			<slash:comments>0</slash:comments>
		
		
			</item>
	</channel>
</rss>
