<?xml version="1.0" encoding="UTF-8"?><rss version="2.0"
	xmlns:content="http://purl.org/rss/1.0/modules/content/"
	xmlns:wfw="http://wellformedweb.org/CommentAPI/"
	xmlns:dc="http://purl.org/dc/elements/1.1/"
	xmlns:atom="http://www.w3.org/2005/Atom"
	xmlns:sy="http://purl.org/rss/1.0/modules/syndication/"
	xmlns:slash="http://purl.org/rss/1.0/modules/slash/"
	
	xmlns:georss="http://www.georss.org/georss"
	xmlns:geo="http://www.w3.org/2003/01/geo/wgs84_pos#"
	>

<channel>
	<title>Tivi &#8211; Điện máy tốt</title>
	<atom:link href="http://localhost/Rent-House/product-category/tivi/feed/?simply_static_page=471" rel="self" type="application/rss+xml" />
	<link></link>
	<description></description>
	<lastBuildDate>Tue, 05 Dec 2023 03:32:16 +0000</lastBuildDate>
	<language>en-US</language>
	<sy:updatePeriod>
	hourly	</sy:updatePeriod>
	<sy:updateFrequency>
	1	</sy:updateFrequency>
	<generator>https://wordpress.org/?v=6.4.1</generator>
	<item>
		<title>Smart Tivi OLED LG 4K 48 inch 48A3PSA</title>
		<link>/product/smart-tivi-oled-lg-4k-48-inch-48a3psa/</link>
					<comments>/product/smart-tivi-oled-lg-4k-48-inch-48a3psa/#respond</comments>
		
		<dc:creator><![CDATA[admin]]></dc:creator>
		<pubDate>Tue, 05 Dec 2023 03:27:45 +0000</pubDate>
				<guid isPermaLink="false">/?post_type=product#038;p=75</guid>

					<description><![CDATA[<strong><em>Smart Tivi OLED LG 4K 48 inch 48A3PSA tái tạo hình ảnh 4K sắc nét, có chiều sâu nhờ trang bị màn hình OLED, độ phân giải 4K, công nghệ Pixel Dimming, bộ xử lý α7 Gen6 AI 4K cho bạn thưởng thức hình ảnh và âm thanh sống động, âm thanh AI Sound Pro chân thật, hệ điều hành webOS 23 giải trí đậm chất cá nhân, điều khiển bằng giọng nói không cần remote.</em></strong>]]></description>
										<content:encoded><![CDATA[
<p><strong><em>Smart Tivi OLED LG 4K 48 inch 48A3PSA tái tạo hình ảnh 4K sắc nét, có chiều sâu nhờ trang bị màn hình OLED, độ phân giải 4K, công nghệ Pixel Dimming, bộ xử lý α7 Gen6 AI 4K cho bạn thưởng thức hình ảnh và âm thanh sống động, âm thanh AI Sound Pro chân thật, hệ điều hành webOS 23 giải trí đậm chất cá nhân, điều khiển bằng giọng nói không cần remote.</em></strong></p>



<h3 class="wp-block-heading">Tổng quan thiết kế</h3>



<p>&#8211;&nbsp;LG 48A3PSA được thiết kế theo xu hướng tối giản với các chi tiết có độ hoàn thiện cao, viền màn hình làm từ chất liệu kim loại cứng cáp, cho&nbsp;<a href="https://www.dienmayxanh.com/tivi" target="_blank" rel="noreferrer noopener">tivi</a>&nbsp;chịu lực tốt khi di chuyển, bố trí trong không gian phòng của bạn.&nbsp;</p>



<p>&#8211; Lựa chọn phù hợp với những căn phòng khách, phòng ngủ, phòng bếp,&#8230; có diện tích nhỏ với&nbsp;<a href="https://www.dienmayxanh.com/tivi-48-inch" target="_blank" rel="noreferrer noopener">kích thước màn hình 48 inch</a>.</p>



<p>&#8211; Chân đế kiểu chữ V úp ngược được chế tác chắc chắn, cân đối, cho bạn yên tâm trưng bày tivi trên bàn, kệ tủ, tô điểm cho không gian sống của gia đình thêm hiện đại, sang trọng.</p>



<figure class="wp-block-image"><a href="https://cdn.tgdd.vn/Products/Images/1942/306571/smart-tivi-oled-lg-4k-48-inch-48a3psa-110523-103148.jpg"><img decoding="async" src="https://cdn.tgdd.vn/Products/Images/1942/306571/smart-tivi-oled-lg-4k-48-inch-48a3psa-110523-103148.jpg" alt="Smart Tivi OLED LG 4K 48 inch 48A3PSA - Tổng quan thiết kế" title="Smart Tivi OLED LG 4K 48 inch 48A3PSA - Tổng quan thiết kế" /></a></figure>



<p><em>*Hình ảnh chỉ mang tính chất minh họa sản phẩm</em></p>



<h3 class="wp-block-heading">Công nghệ hình ảnh</h3>



<p>&#8211;&nbsp;<strong>Màn hình OLED</strong>&nbsp;với các pixel tự phát sáng cho khung hình đạt độ tương phản mạnh mẽ. Hình ảnh&nbsp;<a href="https://www.dienmayxanh.com/tivi?g=ultra-hd-4k" target="_blank" rel="noreferrer noopener">4K</a>&nbsp;có độ nét gấp 4 lần Full HD.&nbsp;</p>



<figure class="wp-block-image"><a href="https://cdn.tgdd.vn/Products/Images/1942/306571/smart-tivi-oled-lg-4k-48-inch-48a3psa-110523-103233.jpg"><img decoding="async" src="https://cdn.tgdd.vn/Products/Images/1942/306571/smart-tivi-oled-lg-4k-48-inch-48a3psa-110523-103233.jpg" alt="Màn hình OLED - Smart Tivi OLED LG 4K 48 inch 48A3PSA" title="Màn hình OLED - Smart Tivi OLED LG 4K 48 inch 48A3PSA" /></a></figure>



<p><em>*Hình ảnh chỉ mang tính chất minh họa sản phẩm</em></p>



<p>&#8211;&nbsp;<a href="https://www.dienmayxanh.com/tivi-lg" target="_blank" rel="noreferrer noopener">Tivi LG</a>&nbsp;có sự cải tiến từ cốt lõi khi trang bị cho dòng LG 48A3PSA&nbsp;<strong>bộ xử lý α7 Gen6 AI 4K</strong>&nbsp;mang đến trải nghiệm nội dung sống động với chất lượng khung hình tinh tế, âm thanh chân thật.&nbsp;</p>



<figure class="wp-block-image"><a href="https://cdn.tgdd.vn/Products/Images/1942/306571/smart-tivi-oled-lg-4k-48-inch-48a3psa-060523-113232.jpg"><img decoding="async" src="https://cdn.tgdd.vn/Products/Images/1942/306571/smart-tivi-oled-lg-4k-48-inch-48a3psa-060523-113232.jpg" alt="Smart Tivi OLED LG 4K 48 inch 48A3PSA - Bộ xử lý α7 Gen6 AI 4K" title="Smart Tivi OLED LG 4K 48 inch 48A3PSA - Bộ xử lý α7 Gen6 AI 4K" /></a></figure>



<p>&#8211; Công nghệ&nbsp;<strong>AI Super Upscaling 4K</strong>&nbsp;loại bỏ nhiễu, làm nổi bật các vật thể ở tiền cảnh và hậu cảnh để tăng thêm chiều sâu mà vẫn bảo toàn được sự chân thật trong từng hình ảnh.</p>



<p>&#8211; Công nghệ&nbsp;<a href="https://www.dienmayxanh.com/kinh-nghiem-hay/cac-cong-nghe-hinh-anh-noi-bat-tren-tivi-lg-1128078#hdr-dynamic-tone-mapping" target="_blank" rel="noreferrer noopener">HDR Dynamic Tone Mapping</a>&nbsp;ứng dụng đường cong tone màu tối ưu, khởi động chế độ HDR với độ tương phản vô tận cho hình ảnh sắc sảo, tự nhiên tới từng chi tiết.</p>



<p>&#8211;&nbsp;Công nghệ điểm ảnh&nbsp;<strong>Pixel Dimming</strong>&nbsp;độc quyền OLED cho&nbsp;mỗi pixel hiển thị sắc màu rực rỡ, màu đen tuyệt đối, mang đến thước phim thu hút, đẹp mắt.</p>



<p>&#8211;&nbsp;<strong>Dolby Vision</strong>&nbsp;tạo nên những khung hình chất lượng với dải màu sắc mở rộng và dải tương phản động mở rộng cho độ sáng tốt hơn, màu sắc tái tạo chuẩn xác hơn.&nbsp;</p>



<p>&#8211; Chế độ<strong>&nbsp;Filmmaker Mode&nbsp;</strong>loại bỏ trình xử lý gây ảnh hưởng tới độ hấp dẫn của phim, cho bạn tận hưởng trọn vẹn cảnh quay chân thật theo đúng ý đồ của nhà làm phim.</p>



<p>Xem thêm các công nghệ hình ảnh khác qua&nbsp;<a href="https://www.dienmayxanh.com/tivi/smart-tivi-oled-lg-4k-48-inch-48a3psa#top-tskt" target="_blank" rel="noreferrer noopener">LG 48A3PSA thông số kỹ thuật</a>.</p>



<p>Xem thêm:&nbsp;<a href="https://www.dienmayxanh.com/kinh-nghiem-hay/tivi-oled-la-gi-575930" target="_blank" rel="noreferrer noopener">Tivi OLED là gì? Sự khác biệt giữa tivi OLED với tivi LED, tivi QLED và tivi 4K</a></p>



<figure class="wp-block-image"><a href="https://cdn.tgdd.vn/Products/Images/1942/306571/smart-tivi-oled-lg-4k-48-inch-48a3psa-060523-113236.jpg"><img decoding="async" src="https://cdn.tgdd.vn/Products/Images/1942/306571/smart-tivi-oled-lg-4k-48-inch-48a3psa-060523-113236.jpg" alt="Smart Tivi OLED LG 4K 48 inch 48A3PSA - Công nghệ AI Super Upscaling 4K" title="Smart Tivi OLED LG 4K 48 inch 48A3PSA - Công nghệ AI Super Upscaling 4K" /></a></figure>



<p><em>*Hình ảnh chỉ mang tính chất minh họa sản phẩm</em></p>



<h3 class="wp-block-heading">Công nghệ âm thanh</h3>



<p>&#8211; Tổng công suất loa 20W.</p>



<p>&#8211;&nbsp;Công nghệ&nbsp;<a href="https://www.dienmayxanh.com/kinh-nghiem-hay/tong-hop-cac-cong-nghe-am-thanh-noi-bat-tivi-lg-1512675#hmenuid12" target="_blank" rel="noreferrer noopener">Dolby Atmos</a>&nbsp;đây là chuẩn âm thanh cao cấp nhất trên các dòng tivi hiện nay. Công nghệ này có khả năng phát ra mọi âm thanh của từng vật thể trong cùng 1 cảnh tại 1 thời điểm với không gian âm thanh đa chiều sống động mang đến trải nghiệm âm thanh mạnh mẽ như đang trôi xung quanh bạn.&nbsp;</p>



<p><strong>&#8211; Bluetooth Surround Ready</strong>&nbsp;có thể kết nối hai loa Bluetooth bất kỳ để tạo nên hiệu ứng âm thanh vòm, đem lại cho người dùng trải nghiệm âm thanh vòm đầy cuốn hút, bạn sẽ hoàn toàn đắm chìm trong thế giới âm thanh đang bao quanh bạn.</p>



<figure class="wp-block-image"><a href="https://cdn.tgdd.vn/Products/Images/1942/306571/smart-tivi-oled-lg-4k-48-inch-48a3psa-110523-103400.jpg"><img decoding="async" src="https://cdn.tgdd.vn/Products/Images/1942/306571/smart-tivi-oled-lg-4k-48-inch-48a3psa-110523-103400.jpg" alt="Dolby Atmos - Smart Tivi OLED LG 4K 48 inch 48A3PSA" title="Dolby Atmos - Smart Tivi OLED LG 4K 48 inch 48A3PSA" /></a></figure>



<p><em>*Hình ảnh chỉ mang tính chất minh họa sản phẩm</em></p>



<p>&#8211; Công nghệ&nbsp;<a href="https://www.dienmayxanh.com/kinh-nghiem-hay/cong-nghe-am-thanh-tren-tivi-lg-2021-1368089#ai-acoustic" target="_blank" rel="noreferrer noopener">AI Acoustic Tuning</a>&nbsp;bằng khả năng&nbsp;nhận biết vị trí người xem qua&nbsp;<a href="https://www.dienmayxanh.com/kinh-nghiem-hay/nhung-dieu-can-biet-ve-dieu-khien-thong-minh-magic-685119" target="_blank" rel="noreferrer noopener">Magic Remote</a>, truyền tải chất âm đến tai bạn thêm rõ ràng, lôi cuốn.</p>



<p>&#8211; Công nghệ&nbsp;<strong>AI Sound Pro</strong>&nbsp;nâng cấp hệ thống âm thanh 5.1.2, tối ưu âm thanh theo từng thể loại, cho âm thanh phát ra chân thật hơn.&nbsp;</p>



<p>&#8211; Chế độ lọc thoại&nbsp;Clear Voice Pro loại bỏ tạp âm từ môi trường ồn ào, lọc nhiễu để người xem cảm nhận lời thoại chi tiết.</p>



<figure class="wp-block-image"><a href="https://cdn.tgdd.vn/Products/Images/1942/306571/smart-tivi-oled-lg-4k-48-inch-48a3psa-110523-103309.jpg"><img decoding="async" src="https://cdn.tgdd.vn/Products/Images/1942/306571/smart-tivi-oled-lg-4k-48-inch-48a3psa-110523-103309.jpg" alt="AI Sound Pro - Smart Tivi OLED LG 4K 48 inch 48A3PSA" title="AI Sound Pro - Smart Tivi OLED LG 4K 48 inch 48A3PSA" /></a></figure>



<p><em>*Hình ảnh chỉ mang tính chất minh họa sản phẩm</em></p>



<h3 class="wp-block-heading">Hệ điều hành</h3>



<p>&#8211;&nbsp;<a href="https://www.dienmayxanh.com/tivi-lg?g=smart-tivi" target="_blank" rel="noreferrer noopener">Smart tivi LG</a>&nbsp;tích hợp hệ điều hành&nbsp;<a href="https://www.dienmayxanh.com/kinh-nghiem-hay/webos-tren-tivi-lg-la-gi-581001" target="_blank" rel="noreferrer noopener">WebOS</a>&nbsp;23 thiết kế giao diện trực quan, cho người dùng tinh chỉnh nội dung theo sở thích cá nhân.</p>



<p>&#8211; Kho ứng dụng phong phú với các ứng dụng Netflix, YouTube, FPT Play, Galaxy Play, VieON,&#8230; đáp ứng nhu cầu giải trí đa dạng của mọi thành viên trong gia đình.&nbsp;</p>



<p>Xem thêm:&nbsp;<a href="https://www.dienmayxanh.com/kinh-nghiem-hay/cach-xem-phim-online-tren-tivi-887946#xem-phim-tren-trinh-duyet-web">Cách xem phim bằng trình duyệt web trên tivi</a>&nbsp;</p>



<figure class="wp-block-image"><a href="https://cdn.tgdd.vn/Products/Images/1942/306571/smart-tivi-oled-lg-4k-48-inch-48a3psa-060523-113238.jpg"><img decoding="async" src="https://cdn.tgdd.vn/Products/Images/1942/306571/smart-tivi-oled-lg-4k-48-inch-48a3psa-060523-113238.jpg" alt="Smart Tivi OLED LG 4K 48 inch 48A3PSA - Hệ điều hành" title="Smart Tivi OLED LG 4K 48 inch 48A3PSA - Hệ điều hành" /></a></figure>



<p><em>*Hình ảnh chỉ mang tính chất minh họa sản phẩm</em></p>



<h3 class="wp-block-heading">Tiện ích</h3>



<p>&#8211;&nbsp;Hỗ trợ&nbsp;<strong>LG Voice Recognition</strong>&nbsp;nhận diện giọng nói,&nbsp;<strong>LG Voice Search</strong>&nbsp;cho phép tìm kiếm bằng giọng nói dễ dàng với trợ lý ảo Alexa (chưa có tiếng Việt) và Google Assistant (chưa có tiếng Việt).</p>



<p>&#8211;&nbsp;<a href="https://www.dienmayxanh.com/tivi?g=smart-tivi" target="_blank" rel="noreferrer noopener">Smart tivi</a>&nbsp;tích hợp sẵn micro cho bạn điều khiển bằng giọng nói rảnh tay, không cần sử dụng remote.&nbsp;</p>



<p>&#8211; Tính năng&nbsp;<a href="https://www.dienmayxanh.com/kinh-nghiem-hay/air-play-2-tren-tivi-la-gi-nhung-tivi-nao-ho-tro-a-1172156" target="_blank" rel="noreferrer noopener">AirPlay 2</a>&nbsp;(iPhone),&nbsp;<strong>Screen Share</strong>&nbsp;trình chiếu nội dung từ điện thoại lên màn hình rộng của tivi tiện lợi.&nbsp;</p>



<p>&#8211;&nbsp;Chế độ&nbsp;<strong>Multi View&nbsp;</strong>mang đến trải nghiệm xem đa màn hình khi bạn có thể xem được cùng lúc nội dung trên tivi và nội dung được chiếu từ thiết bị khác.&nbsp;</p>



<p>&#8211; Quản lý, kiểm soát hoạt động của các thiết bị trong hệ sinh thái ở ngôi nhà bạn dễ dàng cùng với&nbsp;<strong>Magic Remote&nbsp;</strong>và&nbsp;<strong>AI ThinQ</strong>.</p>



<p>Xem thêm:&nbsp;<a href="https://www.dienmayxanh.com/kinh-nghiem-hay/9-cach-ket-noi-dien-thoai-android-voi-tivi-lg-860812" target="_blank" rel="noreferrer noopener">9 cách kết nối điện thoại Android với tivi LG đơn giản, hiệu quả nhất</a></p>



<figure class="wp-block-image"><a href="https://cdn.tgdd.vn/Products/Images/1942/306571/smart-tivi-oled-lg-4k-48-inch-48a3psa-060523-113240.jpg"><img decoding="async" src="https://cdn.tgdd.vn/Products/Images/1942/306571/smart-tivi-oled-lg-4k-48-inch-48a3psa-060523-113240.jpg" alt="Smart Tivi OLED LG 4K 48 inch 48A3PSA - Tiện ích" title="Smart Tivi OLED LG 4K 48 inch 48A3PSA - Tiện ích" /></a></figure>



<p><em>*Hình ảnh chỉ mang tính chất minh họa sản phẩm</em></p>



<p><em>Với thành công từ sản phẩm Smart Tivi OLED LG 4K 48 inch 48A2PSA được ra mắt năm 2022, LG ra mắt phiên bản năm 2023&nbsp;</em><em><a href="https://www.dienmayxanh.com/tivi/smart-tivi-oled-lg-4k-48-inch-48a3psa" target="_blank" rel="noreferrer noopener"><em>Smart Tivi OLED LG 4K 48 i</em>nch 48A3PSA</a>&nbsp;nâng tầm trải nghiệm nghe nhìn của bạn với nội dung được tái tạo tinh tế nhờ trang bị các công nghệ tân tiến: Pixel Dimming, bộ xử lý α7 Gen6 AI 4K,&nbsp;Dolby Vision,&nbsp;AI Sound Pro,&nbsp;Dolby Atmos,&#8230; thích hợp sử dụng trong không gian phòng nhỏ với màn hình 48 inch.</em></p>



<p>Xem thêm:&nbsp;<a href="https://www.dienmayxanh.com/kinh-nghiem-hay/tu-van-chon-mua-tivi-cho-gia-dinh-co-nguoi-lon-tuo-1064997" target="_blank" rel="noreferrer noopener">Tư vấn chọn mua tivi phù hợp với gia đình có người lớn tuổi</a></p>
]]></content:encoded>
					
					<wfw:commentRss>/product/smart-tivi-oled-lg-4k-48-inch-48a3psa/feed/</wfw:commentRss>
			<slash:comments>0</slash:comments>
		
		
			</item>
		<item>
		<title>Smart Tivi NanoCell LG 4K 75 inch 75NANO76SQA</title>
		<link>/product/smart-tivi-nanocell-lg-4k-75-inch-75nano76sqa/</link>
					<comments>/product/smart-tivi-nanocell-lg-4k-75-inch-75nano76sqa/#respond</comments>
		
		<dc:creator><![CDATA[admin]]></dc:creator>
		<pubDate>Tue, 05 Dec 2023 03:15:16 +0000</pubDate>
				<guid isPermaLink="false">/?post_type=product#038;p=65</guid>

					<description><![CDATA[<em><strong>Smart Tivi NanoCell LG 4K 75 inch 75NANO76SQA thể hiện khung hình 4K rực rỡ với công nghệ NanoCell, cuốn hút người dùng từ âm thanh tinh chỉnh theo nội dung, thỏa mãn nhu cầu giải trí cùng kho ứng dụng phong phú webOS 22, mang đến lựa chọn tuyệt vời cho gia đình bạn.</strong></em><br>Tổng quan thiết kế<br>- <a href="https://www.dienmayxanh.com/tivi/smart-nanocell-lg-4k-75-inch-75nano76sqa" target="_blank" rel="noreferrer noopener">Smart Tivi NanoCell LG 4K 75 inch 75NANO76SQA</a> phù hợp cho các phòng có diện tích trung bình lớn nhờ thiết kế thanh mảnh với <strong><a href="https://dienmayxanh.com/tivi?g=75-inch" target="_blank" rel="noreferrer noopener">kích thước màn hình 75 inch</a></strong> cùng chân đế bán nguyệt có thể tháo rời, bố trí để bàn hay treo tường linh hoạt.<br>- Chân đế bằng <strong>chất liệu nhựa lõi kim loại</strong> độ cứng chắc cao, nâng đỡ tốt màn hình, đảm bảo thẩm mỹ cho mọi không gian bố trí.]]></description>
										<content:encoded><![CDATA[
<p><em><strong>Smart Tivi NanoCell LG 4K 75 inch 75NANO76SQA thể hiện khung hình 4K rực rỡ với công nghệ NanoCell, cuốn hút người dùng từ âm thanh tinh chỉnh theo nội dung, thỏa mãn nhu cầu giải trí cùng kho ứng dụng phong phú webOS 22, mang đến lựa chọn tuyệt vời cho gia đình bạn.</strong></em></p>



<h3 class="wp-block-heading">Tổng quan thiết kế</h3>



<p>&#8211;&nbsp;<a href="https://www.dienmayxanh.com/tivi/smart-nanocell-lg-4k-75-inch-75nano76sqa" target="_blank" rel="noreferrer noopener">Smart Tivi NanoCell LG 4K 75 inch 75NANO76SQA</a>&nbsp;phù hợp cho các phòng có diện tích trung bình lớn nhờ thiết kế thanh mảnh với&nbsp;<strong><a href="https://dienmayxanh.com/tivi?g=75-inch" target="_blank" rel="noreferrer noopener">kích thước màn hình 75 inch</a></strong>&nbsp;cùng chân đế bán nguyệt có thể tháo rời, bố trí để bàn hay treo tường linh hoạt.</p>



<p>&#8211; Chân đế bằng <strong>chất liệu nhựa lõi kim loại</strong> độ cứng chắc cao, nâng đỡ tốt màn hình, đảm bảo thẩm mỹ cho mọi không gian bố trí.</p>



<p><img fetchpriority="high" decoding="async" width="1020" height="570" class="wp-image-66" style="width: 150px" src="/wp-content/uploads/2023/12/img1.jpg" alt=""></p>



<p><em>*Hình ảnh chỉ mang tính chất minh họa sản phẩm</em></p>



<h3 class="wp-block-heading">Công nghệ hình ảnh</h3>



<p>&#8211; Hiển thị sắc nét, sống động với&nbsp;<strong><a href="https://www.dienmayxanh.com/tivi-lg?g=ultra-hd-4k" target="_blank" rel="noreferrer noopener">độ phân giải 4K</a>&nbsp;(3.840 x 2.160)</strong>.</p>



<p>&#8211;&nbsp;<strong>Dải màu rộng&nbsp;Nano Color</strong>&nbsp;mang thế giới màu sắc tự nhiên lên màn hình tivi NanoCell&nbsp;tái hiện màu sắc chân thực, ấn tượng đến từng chi tiết nhỏ, cuốn hút thị giác ngay khi đối diện.</p>



<p>&#8211;&nbsp;<a href="https://www.dienmayxanh.com/tivi" target="_blank" rel="noreferrer noopener">Tivi</a>&nbsp;tối ưu hình ảnh và màu sắc hiển thị qua&nbsp;<strong>bộ xử lý α5 Gen5 AI 4K</strong>, đồng thời, nội dung đầu vào được nâng cấp lên chuẩn gần 4K nhờ&nbsp;công nghệ&nbsp;<strong>4K AI Upscaling</strong>. Vì thế người xem luôn được trải nghiệm khung hình tốt nhất.</p>



<p>&#8211; Tăng cường độ tương phản cho hình ảnh có chiều sâu, lột tả chân thực các chi tiết và thông điệp hình ảnh qua&nbsp;<strong>các định dạng HDR</strong>&nbsp;(Active HDR,&nbsp;<a href="https://www.dienmayxanh.com/kinh-nghiem-hay/cac-cong-nghe-hinh-anh-noi-bat-tren-tivi-lg-1128078#hdr-10-pro" target="_blank" rel="noreferrer noopener">HDR10 Pro</a>,&nbsp;<a href="https://www.dienmayxanh.com/kinh-nghiem-hay/cac-cong-nghe-hinh-anh-noi-bat-tren-tivi-lg-1128078#hdr-dynamic-tone-mapping" target="_blank" rel="noreferrer noopener">HDR Dynamic Tone Mapping</a>)&nbsp;và&nbsp;<strong><a href="https://www.dienmayxanh.com/kinh-nghiem-hay/cac-cong-nghe-hinh-anh-dac-biet-tren-tivi-sony-1127776#hlg" target="_blank" rel="noreferrer noopener">HLG</a></strong>, lôi cuốn cảm xúc người xem.</p>



<p>&#8211;&nbsp;Màn hình game mượt mà, chiến game sảng khoái nhờ<strong>&nbsp;chế độ game HGIG</strong>&nbsp;và&nbsp;<strong>công nghệ giảm độ trễ&nbsp;Auto Low Latency Mode (ALLM)</strong>.</p>



<p>&#8211; Cảm nhận rõ ý đồ của nhà làm phim khi thưởng thức phim điện ảnh qua<strong>&nbsp;chế độ làm phim&nbsp;FilmMaker Mode</strong>.</p>



<p>Mời bạn xem thêm:<a href="https://www.dienmayxanh.com/kinh-nghiem-hay/diem-mat-nhung-do-phan-giai-pho-bien-hien-nay-tren-577178" target="_blank" rel="noreferrer noopener">&nbsp;Những độ phân giải màn hình phổ biến hiện nay trên tivi</a></p>



<figure class="wp-block-image size-full"><img decoding="async" width="1020" height="570" src="/wp-content/uploads/2023/12/img2-1.jpg" alt="" class="wp-image-71" /></figure>



<p><em>*Hình ảnh chỉ mang tính chất minh họa sản phẩm</em></p>



<h3 class="wp-block-heading">Công nghệ âm thanh</h3>



<p>&#8211; Tổng công suất loa&nbsp;<strong>20W&nbsp;</strong>cho âm thanh mạnh mẽ.</p>



<p>&#8211; Âm thanh sống động, chân thực theo nội dung xem nhờ được tinh chỉnh qua công nghệ&nbsp;<strong>AI Sound</strong>, đồng thời&nbsp;<strong><a href="https://www.dienmayxanh.com/kinh-nghiem-hay/cong-nghe-am-thanh-tren-tivi-lg-2021-1368089#ai-acoustic" target="_blank" rel="noreferrer noopener">AI Acoustic Tuning</a></strong>&nbsp;tái tạo âm thanh theo không gian phòng và vị trí người xem tạo hiệu ứng vang dội hơn, cảm thụ ấn tượng hơn.</p>



<p>&#8211;&nbsp;Để xem các chương trình thể thao thêm bùng nổ, bạn có thể liên kết&nbsp;<a href="https://www.dienmayxanh.com/tivi-lg?g=smart-tivi" target="_blank" rel="noreferrer noopener">Smart tivi LG</a>&nbsp;với loa ngoài qua Bluetooth nhờ&nbsp;<strong>công nghệ&nbsp;Bluetooth Surround Ready</strong>&nbsp;hoặc tính năng&nbsp;<strong><a href="https://www.dienmayxanh.com/kinh-nghiem-hay/cong-nghe-am-thanh-tren-tivi-lg-2018-1106872#lg-sound-sync" target="_blank" rel="noreferrer noopener">LG Sound Sync</a></strong>&nbsp;liên kết tivi&nbsp;với dàn âm thanh giúp khuấy động không gian giải trí của bạn.</p>



<figure class="wp-block-image size-full"><img decoding="async" width="1020" height="570" src="/wp-content/uploads/2023/12/img3-1.jpg" alt="" class="wp-image-72" /></figure>



<p><em>*Hình ảnh chỉ mang tính chất minh họa sản phẩm</em></p>



<h3 class="wp-block-heading">Hệ điều hành</h3>



<p>&#8211;&nbsp;<a href="https://www.dienmayxanh.com/tivi?g=smart-tivi" target="_blank" rel="noreferrer noopener">Smart tivi</a>&nbsp;sử dụng hệ điều hành&nbsp;<strong><a href="https://www.dienmayxanh.com/kinh-nghiem-hay/webos-tren-tivi-lg-la-gi-581001" target="_blank" rel="noreferrer noopener">webOS</a>&nbsp;22</strong>&nbsp;có kho ứng dụng phong phú gồm: YouTube, Netflix, Clip TV, FPT Play, Galaxy Play (Fim+), MyTV, Nhaccuatui, POPS Kids, Spotify, Trình duyệt web, TV 360, VieON, VTVcab ON, YouTube Kids, Apple TV,…</p>



<p>&#8211; Giao diện thân thiện, dễ hiểu, dễ dùng ngay từ ban đầu tiếp cận.</p>



<p>Xem thêm:&nbsp;<a href="https://www.dienmayxanh.com/kinh-nghiem-hay/cach-xem-phim-online-tren-tivi-887946#xem-phim-tren-trinh-duyet-web">Cách xem phim bằng trình duyệt web trên tivi</a>&nbsp;</p>



<p><a href="https://cdn.tgdd.vn/Products/Images/1942/278572/smart-nanocell-lg-4k-75-inch-75nano76sqa-4-1.jpg"></a></p>



<figure class="wp-block-image size-large"><img decoding="async" src="https://cdn.tgdd.vn/Products/Images/1942/278572/smart-nanocell-lg-4k-75-inch-75nano76sqa-4-1.jpg" alt="" /></figure>



<p><em>*Hình ảnh chỉ mang tính chất minh họa sản phẩm</em></p>



<h3 class="wp-block-heading">Tiện ích</h3>



<p>&#8211; Thưởng thức khung hình lớn hơn, cảm giác xem đã hơn khi chiếu màn hình điện thoại lên tivi qua tính năng<strong>&nbsp;<a href="https://www.dienmayxanh.com/kinh-nghiem-hay/air-play-2-tren-tivi-la-gi-nhung-tivi-nao-ho-tro-a-1172156" target="_blank" rel="noreferrer noopener">AirPlay 2</a></strong>&nbsp;(iPhone) và&nbsp;<strong>Screen Share</strong>.</p>



<p>&nbsp;&#8211; Sử dụng&nbsp;<strong>Magic Remote</strong>&nbsp;và&nbsp;<strong>AI ThinQ</strong>&nbsp;để kết nối và điều khiển thông minh toàn bộ hệ sinh thái trong ngôi nhà.</p>



<p>&#8211;&nbsp;Ngoài ra, bạn có thể điều khiển&nbsp;<a href="https://www.dienmayxanh.com/tivi-lg" target="_blank" rel="noreferrer noopener">Tivi LG</a>&nbsp;bằng giọng nói tiếng Việt trên Youtube&nbsp;qua&nbsp;<strong><a href="https://www.dienmayxanh.com/kinh-nghiem-hay/nhung-dieu-can-biet-ve-dieu-khien-thong-minh-magic-685119" target="_blank" rel="noreferrer noopener">Magic Remote</a></strong>, tìm kiếm tiếng Việt qua&nbsp;<strong>LG Voice Search</strong>, dùng&nbsp;<strong>trợ lý ảo&nbsp;Alexa</strong>&nbsp;(chưa có tiếng Việt) và&nbsp;<strong>Google Assistant</strong>&nbsp;(chưa có tiếng Việt).</p>



<p>Xem thêm:&nbsp;<a href="https://www.dienmayxanh.com/kinh-nghiem-hay/9-cach-ket-noi-dien-thoai-android-voi-tivi-lg-860812" target="_blank" rel="noreferrer noopener">9 cách kết nối điện thoại Android với tivi LG đơn giản, hiệu quả nhất</a></p>



<figure class="wp-block-image size-large"><img decoding="async" src="https://cdn.tgdd.vn/Products/Images/1942/278572/smart-nanocell-lg-4k-75-inch-75nano76sqa-5.jpg" alt="" /></figure>



<p><em>*Hình ảnh chỉ mang tính chất minh họa sản phẩm</em></p>



<p><em>Tóm lại, lựa chọn Smart Tivi NanoCell LG 4K 75 inch 75NANO76SQA, không chỉ cho bạn cảm nhận xem ấn tượng nhờ màn hình NanoCell rực rỡ, sắc nét chuẩn 4K, mà còn là hiệu ứng âm thanh chất lượng, sống động, liên kết dễ dàng với loa ngoài để tạo âm thanh bùng nổ, thỏa mãn cả thị giác, thính giác cho khung giờ giải trí.</em></p>



<p>Xem thêm:&nbsp;<a href="https://www.dienmayxanh.com/kinh-nghiem-hay/tang-tuoi-tho-tivi-bang-5-cach-don-gian-542763">7 cách sử dụng tivi đơn giản giúp tăng tuổi thọ cho chiếc tivi nhà bạn</a></p>
]]></content:encoded>
					
					<wfw:commentRss>/product/smart-tivi-nanocell-lg-4k-75-inch-75nano76sqa/feed/</wfw:commentRss>
			<slash:comments>0</slash:comments>
		
		
			</item>
	</channel>
</rss>
