<?xml version="1.0" encoding="UTF-8"?><rss version="2.0"
	xmlns:content="http://purl.org/rss/1.0/modules/content/"
	xmlns:dc="http://purl.org/dc/elements/1.1/"
	xmlns:atom="http://www.w3.org/2005/Atom"
	xmlns:sy="http://purl.org/rss/1.0/modules/syndication/"
	
	xmlns:georss="http://www.georss.org/georss"
	xmlns:geo="http://www.w3.org/2003/01/geo/wgs84_pos#"
	
	>
<channel>
	<title>
	Comments on: Smart Tivi NanoCell LG 4K 75 inch 75NANO76SQA	</title>
	<atom:link href="http://localhost/Rent-House/product/smart-tivi-nanocell-lg-4k-75-inch-75nano76sqa/feed/?simply_static_page=551" rel="self" type="application/rss+xml" />
	<link>/product/smart-tivi-nanocell-lg-4k-75-inch-75nano76sqa/</link>
	<description></description>
	<lastBuildDate>Tue, 05 Dec 2023 03:27:24 +0000</lastBuildDate>
	<sy:updatePeriod>
	hourly	</sy:updatePeriod>
	<sy:updateFrequency>
	1	</sy:updateFrequency>
	<generator>https://wordpress.org/?v=6.4.1</generator>
</channel>
</rss>
