<?xml version="1.0" encoding="UTF-8"?><rss version="2.0"
	xmlns:content="http://purl.org/rss/1.0/modules/content/"
	xmlns:dc="http://purl.org/dc/elements/1.1/"
	xmlns:atom="http://www.w3.org/2005/Atom"
	xmlns:sy="http://purl.org/rss/1.0/modules/syndication/"
	
	xmlns:georss="http://www.georss.org/georss"
	xmlns:geo="http://www.w3.org/2003/01/geo/wgs84_pos#"
	
	>
<channel>
	<title>
	Comments on: Máy lọc nước R.O Hydrogen Kangaroo VTU KG100HA 9 lõi	</title>
	<atom:link href="http://localhost/Rent-House/product/may-loc-nuoc-r-o-hydrogen-kangaroo-vtu-kg100ha-9-loi/feed/?simply_static_page=567" rel="self" type="application/rss+xml" />
	<link>/product/may-loc-nuoc-r-o-hydrogen-kangaroo-vtu-kg100ha-9-loi/</link>
	<description></description>
	<lastBuildDate>Tue, 05 Dec 2023 03:52:14 +0000</lastBuildDate>
	<sy:updatePeriod>
	hourly	</sy:updatePeriod>
	<sy:updateFrequency>
	1	</sy:updateFrequency>
	<generator>https://wordpress.org/?v=6.4.1</generator>
</channel>
</rss>
