<?xml version="1.0" encoding="UTF-8"?><rss version="2.0"
	xmlns:content="http://purl.org/rss/1.0/modules/content/"
	xmlns:wfw="http://wellformedweb.org/CommentAPI/"
	xmlns:dc="http://purl.org/dc/elements/1.1/"
	xmlns:atom="http://www.w3.org/2005/Atom"
	xmlns:sy="http://purl.org/rss/1.0/modules/syndication/"
	xmlns:slash="http://purl.org/rss/1.0/modules/slash/"
	
	xmlns:georss="http://www.georss.org/georss"
	xmlns:geo="http://www.w3.org/2003/01/geo/wgs84_pos#"
	>

<channel>
	<title>Bếp điện &#8211; Điện máy tốt</title>
	<atom:link href="http://localhost/Rent-House/product-category/bep-dien/feed/?simply_static_page=456" rel="self" type="application/rss+xml" />
	<link></link>
	<description></description>
	<lastBuildDate>Tue, 05 Dec 2023 04:05:06 +0000</lastBuildDate>
	<language>en-US</language>
	<sy:updatePeriod>
	hourly	</sy:updatePeriod>
	<sy:updateFrequency>
	1	</sy:updateFrequency>
	<generator>https://wordpress.org/?v=6.4.1</generator>
	<item>
		<title>Bếp từ đôi lắp âm Chef&#8217;s EH &#8211; DIH220</title>
		<link>/product/bep-tu-doi-lap-am-chefs-eh-dih220/</link>
					<comments>/product/bep-tu-doi-lap-am-chefs-eh-dih220/#respond</comments>
		
		<dc:creator><![CDATA[admin]]></dc:creator>
		<pubDate>Tue, 05 Dec 2023 04:02:50 +0000</pubDate>
				<guid isPermaLink="false">/?post_type=product#038;p=109</guid>

					<description><![CDATA[Mặt kính Ceramic - EuroKera (Pháp)<strong> liền nguyên khối, chịu nhiệt tốt, chống trầy xước tốt, dễ vệ sinh.</strong><br>Mâm từ E.G.O của Đức nhận biết kích cỡ xoong nồi để gia nhiệt hợp lý,<strong> hiệu suất cao, tiết kiệm năng lượng, gia tăng tuổi thọ.</strong><br>Tổng công suất 4000W, công suất độc lập từng vùng nấu 2000 - 2200W (Booster)<strong> làm nóng nhanh, nấu ăn tiết kiệm thời gian.</strong><br>Nhiều tính năng hỗ trợ và an toàn: <strong>hẹn giờ nấu, dừng bếp tạm thời, cảnh báo nhiệt dư, khóa trẻ em, tự động tắt bếp khi để quên, tự động tắt bếp khi không có nồi, tự ngắt khi quá tải.</strong><br><strong>Bảng điều khiển bàn phím trượt siêu nhạy</strong> cả khi tay ướt, có 9 mức công suất phù hợp nhiều nhu cầu nấu nướng.<br><strong>Thiết kế lắp âm,</strong> màu đen sáng bóng làm tăng sự sang trọng cho không gian sử dụng.<br>Thương hiệu Chef's của Việt Nam, sản xuất tại Việt Nam.]]></description>
										<content:encoded><![CDATA[
<figure class="wp-block-image"><a href="https://cdn.tgdd.vn/Products/Images/1982/240367/newproject.jpg"><img decoding="async" src="https://cdn.tgdd.vn/Products/Images/1982/240367/newproject.jpg" alt="Bếp từ đôi Chef's EH - DIH220" title="Bếp từ đôi Chef's EH - DIH220" /></a></figure>



<p><a href="https://www.dienmayxanh.com/bep-tu?g=bep-tu-doi" target="_blank" rel="noreferrer noopener">Bếp từ đôi</a>&nbsp;Chef&#8217;s có mặt kính&nbsp;<a href="https://www.dienmayxanh.com/kinh-nghiem-hay/phan-loai-cac-chat-lieu-mat-bep-cua-bep-dien-587035#kinh-eurokera" target="_blank" rel="noreferrer noopener">Ceramic &#8211; EuroKera (Pháp)</a>&nbsp;liền nguyên khối, chịu lực, chịu nhiệt cao dưới 1000 độ C, chống trầy xước tốt, được&nbsp;mài vát cạnh hết sức tinh tế, đạt độ thẩm mỹ cao.</p>



<p>&#8211; Người dùng&nbsp;<a href="https://www.dienmayxanh.com/kinh-nghiem-hay/ve-sinh-bep-dien-tu-535554" target="_blank" rel="noreferrer noopener">dễ vệ sinh</a>&nbsp;mọi vết bẩn trên mặt bếp, giữ bếp sạch đẹp, mới lâu, hoạt động ổn định.</p>



<p>Mâm từ E.G.O của Đức tự động nhận biết kích cỡ xoong nồi để gia nhiệt hợp lý,&nbsp;tạo hiệu suất cao cho bếp, tiết kiệm năng lượng, gia tăng tuổi thọ.</p>



<p>Tổng công suất 4000W, công suất độc lập từng vùng nấu 2000 &#8211; 2200W (khi sử dụng chức năng Booster)&nbsp;làm nóng nhanh, nấu ăn tiết kiệm thời gian.</p>



<p>&#8211; Với tổng công suất này, bếp sử dụng điện nối qua aptomat (CB).</p>



<p>Xem thêm:&nbsp;<a href="https://www.dienmayxanh.com/kinh-nghiem-hay/cach-lap-dat-an-toan-cho-thiet-bi-dien-gia-dung-co-1043620" target="_blank" rel="noreferrer noopener">Cách lắp đặt aptomat an toàn cho thiết bị điện gia dụng có công suất lớn</a></p>



<p><a href="https://www.dienmayxanh.com/bep-tu-co-hen-gio" target="_blank" rel="noreferrer noopener">Chức năng hẹn giờ</a>&nbsp;độc lập cho từng vùng nấu, thời gian hẹn đến 99 phút.</p>



<p>Chức năng này cho phép bạn chọn thời gian nấu thích hợp cho từng món ăn khác nhau, giúp thức ăn chín đều, ngon, đậm đà hương vị. Người nội trợ có thể tranh thủ làm nhiều công việc khác mà không lo món ăn bị cháy khét.</p>



<p><a href="https://www.dienmayxanh.com/bep-tu-chefs" target="_blank" rel="noreferrer noopener">Bếp từ Chef&#8217;s</a>&nbsp;sở hữu chức năng khóa bảng điều khiển, khi sử dụng sẽ làm vô hiệu hóa toàn bộ bàn phím. Nhờ đó, người dùng có lỡ bấm vào các phím cũng không làm thay đổi các cài đặt trước, tránh gây nguy hiểm.</p>



<p>Tính năng dừng bếp tạm thời&nbsp;Pause giúp&nbsp;tránh được việc người nội trợ có công việc đột xuất, không trông nom được món ăn dẫn đến bị cháy.</p>



<p><a href="https://www.dienmayxanh.com/bep-tu" target="_blank" rel="noreferrer noopener">Bếp từ</a>&nbsp;có nhiều tính năng an toàn:</p>



<p>&#8211; Cảnh báo mặt bếp nóng cho người dùng biết nhiệt độ trên mặt bếp sau khi sử dụng xong, tránh va chạm vào gây tai nạn bỏng da.</p>



<p>&#8211;&nbsp;Chức năng tự tắt bếp khi để quên, tự động ngắt khi không thao tác giúp tiết kiệm năng lượng.</p>



<p>&#8211; Tự động tắt bếp khi không có nồi&nbsp;trên bếp giúp tiết kiệm điện, không làm nóng mặt bếp.</p>



<p>&#8211; Hệ thống tự ngắt khi quá tải&nbsp;bảo vệ bếp an toàn khi hoạt động quá nhiệt, quá áp.</p>



<p>&#8211; Ngoài ra, bếp còn trang bị những tính năng: khóa bảng điều khiển, cảnh báo khi dụng cụ nấu không phù hợp, chức năng dừng bếp tạm thời, tự nhận diện kích cỡ đáy nồi, hỗ trợ người dùng sử dụng bếp an toàn, hiệu quả.</p>



<p>Xem thêm:&nbsp;<a href="https://www.dienmayxanh.com/kinh-nghiem-hay/mot-so-tien-ich-cua-bep-dien-hien-nay-848448?#khoa-an-toan" target="_blank" rel="noreferrer noopener">Một số tiện ích của bếp điện hiện nay</a>.</p>



<p><a href="https://www.dienmayxanh.com/bep-tu-bang-dieu-khien-cam-ung-truot" target="_blank" rel="noreferrer noopener">Bảng điều khiển cảm ứng trượt</a>&nbsp;siêu nhạy ngay cả khi tay ướt, có 9 mức công suất phù hợp nhiều nhu cầu nấu nướng.</p>



<p>Xem thêm:&nbsp;<a href="https://www.dienmayxanh.com/kinh-nghiem-hay/phan-loai-bang-dieu-khien-cua-bep-dien-588137#hmenuid2" target="_blank" rel="noreferrer noopener">Ưu điểm của bảng điều khiển cảm ứng</a>.</p>



<p>Bếp sử dụng&nbsp;<a href="https://www.dienmayxanh.com/noi" target="_blank" rel="noreferrer noopener">nồi</a>,&nbsp;<a href="https://www.dienmayxanh.com/chao-chong-dinh" target="_blank" rel="noreferrer noopener">chảo</a>&nbsp;có đáy từ (inox 430/gang) dạng đáy liền.</p>



<p><strong>Lưu ý: Không sử dụng nồi, chảo có đáy rỗ tổ ong để tránh thất thoát nhiệt và hư hỏng sản phẩm.</strong>&nbsp;<strong>Bếp phù hợp với nồi/chảo có đường kính đáy&nbsp;10 &#8211; 26 cm.</strong></p>



<p>Xem thêm:&nbsp;<a href="https://www.dienmayxanh.com/kinh-nghiem-hay/bep-tu-dung-noi-gi-586451" target="_blank" rel="noreferrer noopener">Những nồi sử dụng được trên bếp từ</a>.</p>



<p><a href="https://www.dienmayxanh.com/bep-tu?g=bep-tu-am" target="_blank" rel="noreferrer noopener">Thiết kế lắp âm</a>, màu đen sáng bóng làm tăng sự sang trọng cho không gian sử dụng.</p>



<p>Xem thêm:&nbsp;<a href="https://www.dienmayxanh.com/kinh-nghiem-hay/bep-tu-doi-la-gi-961135" target="_blank" rel="noreferrer noopener">Bếp từ đôi là gì?</a></p>



<p><a href="https://www.dienmayxanh.com/bep-tu/doi-chefs-eh-dih220" target="_blank" rel="noreferrer noopener">Bếp từ đôi Chef&#8217;s EH &#8211; DIH220</a>&nbsp;nấu ăn nhanh, hỗ trợ người dùng nấu ăn an toàn và tiện lợi với những tính năng vượt trội, xứng đáng có mặt trong căn bếp mọi nhà.</p>
]]></content:encoded>
					
					<wfw:commentRss>/product/bep-tu-doi-lap-am-chefs-eh-dih220/feed/</wfw:commentRss>
			<slash:comments>0</slash:comments>
		
		
			</item>
		<item>
		<title>Bếp từ đôi lắp âm Hafele HC-I2732A (536.61.726)</title>
		<link>/product/bep-tu-doi-lap-am-hafele-hc-i2732a-536-61-726/</link>
					<comments>/product/bep-tu-doi-lap-am-hafele-hc-i2732a-536-61-726/#respond</comments>
		
		<dc:creator><![CDATA[admin]]></dc:creator>
		<pubDate>Tue, 05 Dec 2023 03:59:17 +0000</pubDate>
				<guid isPermaLink="false">/?post_type=product#038;p=104</guid>

					<description><![CDATA[Điểm qua những thông tin chung của&#160;bếp từ đôi Hafele HC-I2732A&#160; Đây là sản phẩm thuộc dòng bếp từ đôi được&#160;thiết kế lắp âm hoặc lắp dương&#160;giúp sử dụng linh]]></description>
										<content:encoded><![CDATA[
<h3 class="wp-block-heading"><a href="https://cdn.tgdd.vn/Products/Images/1982/236229/hafele-hc-i2732a-220823-025450.png"></a></h3>



<h3 class="wp-block-heading">Điểm qua những thông tin chung của&nbsp;<a href="https://www.dienmayxanh.com/bep-tu/hafele-hc-i2732a" target="_blank" rel="noreferrer noopener">bếp từ đôi Hafele HC-I2732A</a>&nbsp;</h3>



<p>Đây là sản phẩm thuộc dòng bếp từ đôi được&nbsp;<a href="https://www.dienmayxanh.com/bep-tu-vua-lap-am-vua-lap-duong" target="_blank" rel="noreferrer noopener">thiết kế lắp âm hoặc lắp dương</a>&nbsp;giúp sử dụng linh hoạt trong gian bếp.</p>



<p>Đến từ thương hiệu 100 năm &#8211; Hafele (Đức), sản xuất và nhập khẩu nguyên chiếc từ Malaysia đảm bảo chất lượng, mẫu mã.&nbsp;<a href="https://www.dienmayxanh.com/bep-tu" target="_blank" rel="noreferrer noopener">Bếp từ</a>&nbsp;sở hữu&nbsp;<a href="https://www.dienmayxanh.com/bep-tu?g=tu-3500-duoi-4000-w" target="_blank" rel="noreferrer noopener">công suất tổng 4400W</a>, mỗi vùng 2000W và có thể đạt 2200W khi sử dụng&nbsp;<a href="https://www.dienmayxanh.com/bep-tu-chuc-nang-gia-nhiet-nhanh" target="_blank" rel="noreferrer noopener">chức năng Booster gia nhiệt nhanh</a>&nbsp;giúp rút ngắn thời gian đun sôi chất lỏng. Bếp được tích hợp&nbsp;<a href="https://www.dienmayxanh.com/bep-tu-bang-dieu-khien-cam-ung-truot" target="_blank" rel="noreferrer noopener">bảng điều khiển cảm ứng trượt</a>&nbsp;điều chỉnh linh hoạt 9 mức công suất chỉ với thao tác lướt nhẹ ngón tay.</p>



<p>Đồng thời&nbsp;<a href="https://www.dienmayxanh.com/bep-tu-hafele" target="_blank" rel="noreferrer noopener">bếp từ&nbsp;Hafele</a>&nbsp;được trang bị mâm từ E.G.O (Đức) bền bỉ cùng&nbsp;<a href="https://www.dienmayxanh.com/bep-tu?g=cong-nghe-tiet-kiem-dien-inverter" target="_blank" rel="noreferrer noopener">công nghệ Inverter tiết kiệm điện năng</a>&nbsp;hiệu quả, giúp bếp hoạt động ổn định.</p>



<p>Không thể bỏ qua chức năng&nbsp;<a href="https://www.dienmayxanh.com/bep-tu-co-hen-gio" target="_blank" rel="noreferrer noopener">hẹn giờ tắt bếp</a>&nbsp;trong khoảng 1 &#8211; 99 phút giúp người dùng tiện nấu các món ninh, hầm mà không cần canh chừng tắt bếp. Ngoài ra bếp còn sở hữu những tính năng an toàn giúp người dùng an tâm sử dụng: khóa bảng điều khiển, cảnh báo mặt bếp nóng, tự nhận diện kích cỡ đáy nồi, dừng bếp tạm thời.</p>



<p>Nhìn chung,&nbsp;Hafele HC-I2732A sẽ là sự lựa chọn đáng tiền và hứa hẹn mang lại những trải nghiệm tích cực cho căn bếp gia đình.</p>



<p><strong>Lưu ý khi sử dụng bếp từ:</strong></p>



<p>&#8211; Chỉ sử dụng nồi/chảo có đáy nhiễm từ: inox 430, gang,&#8230; khi sử dụng bếp.&nbsp;Lưu ý: bếp phù hợp với nồi/chảo có đường kính đáy&nbsp;12 &#8211; 26 cm.</p>



<p>Xem thêm:&nbsp;<a href="https://www.dienmayxanh.com/kinh-nghiem-hay/bep-tu-dung-noi-gi-586451" target="_blank" rel="noreferrer noopener">Những nồi sử dụng được trên bếp từ</a></p>



<p>&#8211; Đảm bảo chỉ dùng bếp khi nguồn điện ổn định, điện áp không quá cao hoặc quá thấp.&nbsp;</p>



<p>&#8211; Không sử dụng các vật sắc nhọn để cạy các vết bẩn bám trên mặt bếp, dễ gây trầy xước.</p>



<p>&#8211; Nên dùng khăn vải mềm, miếng bọt biển khi làm sạch mặt bếp.</p>
]]></content:encoded>
					
					<wfw:commentRss>/product/bep-tu-doi-lap-am-hafele-hc-i2732a-536-61-726/feed/</wfw:commentRss>
			<slash:comments>0</slash:comments>
		
		
			</item>
	</channel>
</rss>
